StartTime,EndTime,AreaID,UnitName,Load
2022-06-30T23:30+00:00Z,2022-07-01T00:00+00:00Z,10Y1001A1001A92E,MAW,654
2022-07-01T00:00+00:00Z,2022-07-01T00:30+00:00Z,10Y1001A1001A92E,MAW,639
2022-07-01T00:30+00:00Z,2022-07-01T01:00+00:00Z,10Y1001A1001A92E,MAW,617
2022-07-01T01:00+00:00Z,2022-07-01T01:30+00:00Z,10Y1001A1001A92E,MAW,611
2022-07-01T01:30+00:00Z,2022-07-01T02:00+00:00Z,10Y1001A1001A92E,MAW,603
2022-07-01T02:00+00:00Z,2022-07-01T02:30+00:00Z,10Y1001A1001A92E,MAW,596
2022-07-01T02:30+00:00Z,2022-07-01T03:00+00:00Z,10Y1001A1001A92E,MAW,600
2022-07-01T03:00+00:00Z,2022-07-01T03:30+00:00Z,10Y1001A1001A92E,MAW,586
2022-07-01T03:30+00:00Z,2022-07-01T04:00+00:00Z,10Y1001A1001A92E,MAW,581
2022-07-01T04:00+00:00Z,2022-07-01T04:30+00:00Z,10Y1001A1001A92E,MAW,593
2022-07-01T04:30+00:00Z,2022-07-01T05:00+00:00Z,10Y1001A1001A92E,MAW,636
2022-07-01T05:00+00:00Z,2022-07-01T05:30+00:00Z,10Y1001A1001A92E,MAW,697
2022-07-01T05:30+00:00Z,2022-07-01T06:00+00:00Z,10Y1001A1001A92E,MAW,756
2022-07-01T06:00+00:00Z,2022-07-01T06:30+00:00Z,10Y1001A1001A92E,MAW,831
2022-07-01T06:30+00:00Z,2022-07-01T07:00+00:00Z,10Y1001A1001A92E,MAW,887
2022-07-01T07:00+00:00Z,2022-07-01T07:30+00:00Z,10Y1001A1001A92E,MAW,948
2022-07-01T07:30+00:00Z,2022-07-01T08:00+00:00Z,10Y1001A1001A92E,MAW,981
2022-07-01T08:00+00:00Z,2022-07-01T08:30+00:00Z,10Y1001A1001A92E,MAW,995
2022-07-01T08:30+00:00Z,2022-07-01T09:00+00:00Z,10Y1001A1001A92E,MAW,996
2022-07-01T09:00+00:00Z,2022-07-01T09:30+00:00Z,10Y1001A1001A92E,MAW,999
2022-07-01T09:30+00:00Z,2022-07-01T10:00+00:00Z,10Y1001A1001A92E,MAW,1000
2022-07-01T10:00+00:00Z,2022-07-01T10:30+00:00Z,10Y1001A1001A92E,MAW,990
2022-07-01T10:30+00:00Z,2022-07-01T11:00+00:00Z,10Y1001A1001A92E,MAW,979
2022-07-01T11:00+00:00Z,2022-07-01T11:30+00:00Z,10Y1001A1001A92E,MAW,994
2022-07-01T11:30+00:00Z,2022-07-01T12:00+00:00Z,10Y1001A1001A92E,MAW,988
2022-07-01T12:00+00:00Z,2022-07-01T12:30+00:00Z,10Y1001A1001A92E,MAW,970
2022-07-01T12:30+00:00Z,2022-07-01T13:00+00:00Z,10Y1001A1001A92E,MAW,944
2022-07-01T13:00+00:00Z,2022-07-01T13:30+00:00Z,10Y1001A1001A92E,MAW,911
2022-07-01T13:30+00:00Z,2022-07-01T14:00+00:00Z,10Y1001A1001A92E,MAW,833
2022-07-01T14:00+00:00Z,2022-07-01T14:30+00:00Z,10Y1001A1001A92E,MAW,887
2022-07-01T14:30+00:00Z,2022-07-01T15:00+00:00Z,10Y1001A1001A92E,MAW,890
2022-07-01T15:00+00:00Z,2022-07-01T15:30+00:00Z,10Y1001A1001A92E,MAW,909
2022-07-01T15:30+00:00Z,2022-07-01T16:00+00:00Z,10Y1001A1001A92E,MAW,938
2022-07-01T16:00+00:00Z,2022-07-01T16:30+00:00Z,10Y1001A1001A92E,MAW,972
2022-07-01T16:30+00:00Z,2022-07-01T17:00+00:00Z,10Y1001A1001A92E,MAW,967
2022-07-01T17:00+00:00Z,2022-07-01T17:30+00:00Z,10Y1001A1001A92E,MAW,955
2022-07-01T17:30+00:00Z,2022-07-01T18:00+00:00Z,10Y1001A1001A92E,MAW,923
2022-07-01T18:00+00:00Z,2022-07-01T18:30+00:00Z,10Y1001A1001A92E,MAW,903
2022-07-01T18:30+00:00Z,2022-07-01T19:00+00:00Z,10Y1001A1001A92E,MAW,881
2022-07-01T19:00+00:00Z,2022-07-01T19:30+00:00Z,10Y1001A1001A92E,MAW,853
2022-07-01T19:30+00:00Z,2022-07-01T20:00+00:00Z,10Y1001A1001A92E,MAW,836
2022-07-01T20:00+00:00Z,2022-07-01T20:30+00:00Z,10Y1001A1001A92E,MAW,805
2022-07-01T20:30+00:00Z,2022-07-01T21:00+00:00Z,10Y1001A1001A92E,MAW,791
2022-07-01T21:00+00:00Z,2022-07-01T21:30+00:00Z,10Y1001A1001A92E,MAW,780
2022-07-01T21:30+00:00Z,2022-07-01T22:00+00:00Z,10Y1001A1001A92E,MAW,743
2022-07-01T22:00+00:00Z,2022-07-01T22:30+00:00Z,10Y1001A1001A92E,MAW,700
2022-07-01T22:30+00:00Z,2022-07-01T23:00+00:00Z,10Y1001A1001A92E,MAW,655
2022-07-01T23:00+00:00Z,2022-07-01T23:30+00:00Z,10Y1001A1001A92E,MAW,621
2022-07-01T23:30+00:00Z,2022-07-02T00:00+00:00Z,10Y1001A1001A92E,MAW,596
2022-07-02T00:00+00:00Z,2022-07-02T00:30+00:00Z,10Y1001A1001A92E,MAW,576
2022-07-02T00:30+00:00Z,2022-07-02T01:00+00:00Z,10Y1001A1001A92E,MAW,568
2022-07-02T01:00+00:00Z,2022-07-02T01:30+00:00Z,10Y1001A1001A92E,MAW,569
2022-07-02T01:30+00:00Z,2022-07-02T02:00+00:00Z,10Y1001A1001A92E,MAW,559
2022-07-02T02:00+00:00Z,2022-07-02T02:30+00:00Z,10Y1001A1001A92E,MAW,547
2022-07-02T02:30+00:00Z,2022-07-02T03:00+00:00Z,10Y1001A1001A92E,MAW,539
2022-07-02T03:00+00:00Z,2022-07-02T03:30+00:00Z,10Y1001A1001A92E,MAW,521
2022-07-02T03:30+00:00Z,2022-07-02T04:00+00:00Z,10Y1001A1001A92E,MAW,514
2022-07-02T04:00+00:00Z,2022-07-02T04:30+00:00Z,10Y1001A1001A92E,MAW,518
2022-07-02T04:30+00:00Z,2022-07-02T05:00+00:00Z,10Y1001A1001A92E,MAW,533
2022-07-02T05:00+00:00Z,2022-07-02T05:30+00:00Z,10Y1001A1001A92E,MAW,562
2022-07-02T05:30+00:00Z,2022-07-02T06:00+00:00Z,10Y1001A1001A92E,MAW,593
2022-07-02T06:00+00:00Z,2022-07-02T06:30+00:00Z,10Y1001A1001A92E,MAW,640
2022-07-02T06:30+00:00Z,2022-07-02T07:00+00:00Z,10Y1001A1001A92E,MAW,688
2022-07-02T07:00+00:00Z,2022-07-02T07:30+00:00Z,10Y1001A1001A92E,MAW,729
2022-07-02T07:30+00:00Z,2022-07-02T08:00+00:00Z,10Y1001A1001A92E,MAW,774
2022-07-02T08:00+00:00Z,2022-07-02T08:30+00:00Z,10Y1001A1001A92E,MAW,787
2022-07-02T08:30+00:00Z,2022-07-02T09:00+00:00Z,10Y1001A1001A92E,MAW,805
2022-07-02T09:00+00:00Z,2022-07-02T09:30+00:00Z,10Y1001A1001A92E,MAW,815
2022-07-02T09:30+00:00Z,2022-07-02T10:00+00:00Z,10Y1001A1001A92E,MAW,812
2022-07-02T10:00+00:00Z,2022-07-02T10:30+00:00Z,10Y1001A1001A92E,MAW,801
2022-07-02T10:30+00:00Z,2022-07-02T11:00+00:00Z,10Y1001A1001A92E,MAW,803
2022-07-02T11:00+00:00Z,2022-07-02T11:30+00:00Z,10Y1001A1001A92E,MAW,810
2022-07-02T11:30+00:00Z,2022-07-02T12:00+00:00Z,10Y1001A1001A92E,MAW,794
2022-07-02T12:00+00:00Z,2022-07-02T12:30+00:00Z,10Y1001A1001A92E,MAW,785
2022-07-02T12:30+00:00Z,2022-07-02T13:00+00:00Z,10Y1001A1001A92E,MAW,762
2022-07-02T13:00+00:00Z,2022-07-02T13:30+00:00Z,10Y1001A1001A92E,MAW,747
2022-07-02T13:30+00:00Z,2022-07-02T14:00+00:00Z,10Y1001A1001A92E,MAW,744
2022-07-02T14:00+00:00Z,2022-07-02T14:30+00:00Z,10Y1001A1001A92E,MAW,746
2022-07-02T14:30+00:00Z,2022-07-02T15:00+00:00Z,10Y1001A1001A92E,MAW,757
2022-07-02T15:00+00:00Z,2022-07-02T15:30+00:00Z,10Y1001A1001A92E,MAW,768
2022-07-02T15:30+00:00Z,2022-07-02T16:00+00:00Z,10Y1001A1001A92E,MAW,805
2022-07-02T16:00+00:00Z,2022-07-02T16:30+00:00Z,10Y1001A1001A92E,MAW,841
2022-07-02T16:30+00:00Z,2022-07-02T17:00+00:00Z,10Y1001A1001A92E,MAW,850
2022-07-02T17:00+00:00Z,2022-07-02T17:30+00:00Z,10Y1001A1001A92E,MAW,835
2022-07-02T17:30+00:00Z,2022-07-02T18:00+00:00Z,10Y1001A1001A92E,MAW,822
2022-07-02T18:00+00:00Z,2022-07-02T18:30+00:00Z,10Y1001A1001A92E,MAW,801
2022-07-02T18:30+00:00Z,2022-07-02T19:00+00:00Z,10Y1001A1001A92E,MAW,777
2022-07-02T19:00+00:00Z,2022-07-02T19:30+00:00Z,10Y1001A1001A92E,MAW,754
2022-07-02T19:30+00:00Z,2022-07-02T20:00+00:00Z,10Y1001A1001A92E,MAW,741
2022-07-02T20:00+00:00Z,2022-07-02T20:30+00:00Z,10Y1001A1001A92E,MAW,723
2022-07-02T20:30+00:00Z,2022-07-02T21:00+00:00Z,10Y1001A1001A92E,MAW,708
2022-07-02T21:00+00:00Z,2022-07-02T21:30+00:00Z,10Y1001A1001A92E,MAW,710
2022-07-02T21:30+00:00Z,2022-07-02T22:00+00:00Z,10Y1001A1001A92E,MAW,683
2022-07-02T22:00+00:00Z,2022-07-02T22:30+00:00Z,10Y1001A1001A92E,MAW,650
2022-07-02T22:30+00:00Z,2022-07-02T23:00+00:00Z,10Y1001A1001A92E,MAW,620
2022-07-02T23:00+00:00Z,2022-07-02T23:30+00:00Z,10Y1001A1001A92E,MAW,587
2022-07-02T23:30+00:00Z,2022-07-03T00:00+00:00Z,10Y1001A1001A92E,MAW,550
2022-07-03T00:00+00:00Z,2022-07-03T00:30+00:00Z,10Y1001A1001A92E,MAW,533
2022-07-03T00:30+00:00Z,2022-07-03T01:00+00:00Z,10Y1001A1001A92E,MAW,520
2022-07-03T01:00+00:00Z,2022-07-03T01:30+00:00Z,10Y1001A1001A92E,MAW,527
2022-07-03T01:30+00:00Z,2022-07-03T02:00+00:00Z,10Y1001A1001A92E,MAW,513
2022-07-03T02:00+00:00Z,2022-07-03T02:30+00:00Z,10Y1001A1001A92E,MAW,502
2022-07-03T02:30+00:00Z,2022-07-03T03:00+00:00Z,10Y1001A1001A92E,MAW,497
2022-07-03T03:00+00:00Z,2022-07-03T03:30+00:00Z,10Y1001A1001A92E,MAW,487
2022-07-03T03:30+00:00Z,2022-07-03T04:00+00:00Z,10Y1001A1001A92E,MAW,478
2022-07-03T04:00+00:00Z,2022-07-03T04:30+00:00Z,10Y1001A1001A92E,MAW,481
2022-07-03T04:30+00:00Z,2022-07-03T05:00+00:00Z,10Y1001A1001A92E,MAW,495
2022-07-03T05:00+00:00Z,2022-07-03T05:30+00:00Z,10Y1001A1001A92E,MAW,509
2022-07-03T05:30+00:00Z,2022-07-03T06:00+00:00Z,10Y1001A1001A92E,MAW,526
2022-07-03T06:00+00:00Z,2022-07-03T06:30+00:00Z,10Y1001A1001A92E,MAW,548
2022-07-03T06:30+00:00Z,2022-07-03T07:00+00:00Z,10Y1001A1001A92E,MAW,585
2022-07-03T07:00+00:00Z,2022-07-03T07:30+00:00Z,10Y1001A1001A92E,MAW,624
2022-07-03T07:30+00:00Z,2022-07-03T08:00+00:00Z,10Y1001A1001A92E,MAW,655
2022-07-03T08:00+00:00Z,2022-07-03T08:30+00:00Z,10Y1001A1001A92E,MAW,702
2022-07-03T08:30+00:00Z,2022-07-03T09:00+00:00Z,10Y1001A1001A92E,MAW,726
2022-07-03T09:00+00:00Z,2022-07-03T09:30+00:00Z,10Y1001A1001A92E,MAW,751
2022-07-03T09:30+00:00Z,2022-07-03T10:00+00:00Z,10Y1001A1001A92E,MAW,769
2022-07-03T10:00+00:00Z,2022-07-03T10:30+00:00Z,10Y1001A1001A92E,MAW,790
2022-07-03T10:30+00:00Z,2022-07-03T11:00+00:00Z,10Y1001A1001A92E,MAW,811
2022-07-03T11:00+00:00Z,2022-07-03T11:30+00:00Z,10Y1001A1001A92E,MAW,830
2022-07-03T11:30+00:00Z,2022-07-03T12:00+00:00Z,10Y1001A1001A92E,MAW,827
2022-07-03T12:00+00:00Z,2022-07-03T12:30+00:00Z,10Y1001A1001A92E,MAW,802
2022-07-03T12:30+00:00Z,2022-07-03T13:00+00:00Z,10Y1001A1001A92E,MAW,779
2022-07-03T13:00+00:00Z,2022-07-03T13:30+00:00Z,10Y1001A1001A92E,MAW,760
2022-07-03T13:30+00:00Z,2022-07-03T14:00+00:00Z,10Y1001A1001A92E,MAW,745
2022-07-03T14:00+00:00Z,2022-07-03T14:30+00:00Z,10Y1001A1001A92E,MAW,738
2022-07-03T14:30+00:00Z,2022-07-03T15:00+00:00Z,10Y1001A1001A92E,MAW,752
2022-07-03T15:00+00:00Z,2022-07-03T15:30+00:00Z,10Y1001A1001A92E,MAW,774
2022-07-03T15:30+00:00Z,2022-07-03T16:00+00:00Z,10Y1001A1001A92E,MAW,801
2022-07-03T16:00+00:00Z,2022-07-03T16:30+00:00Z,10Y1001A1001A92E,MAW,837
2022-07-03T16:30+00:00Z,2022-07-03T17:00+00:00Z,10Y1001A1001A92E,MAW,853
2022-07-03T17:00+00:00Z,2022-07-03T17:30+00:00Z,10Y1001A1001A92E,MAW,839
2022-07-03T17:30+00:00Z,2022-07-03T18:00+00:00Z,10Y1001A1001A92E,MAW,821
2022-07-03T18:00+00:00Z,2022-07-03T18:30+00:00Z,10Y1001A1001A92E,MAW,805
2022-07-03T18:30+00:00Z,2022-07-03T19:00+00:00Z,10Y1001A1001A92E,MAW,794
2022-07-03T19:00+00:00Z,2022-07-03T19:30+00:00Z,10Y1001A1001A92E,MAW,776
2022-07-03T20:30+00:00Z,2022-07-03T21:00+00:00Z,10Y1001A1001A92E,MAW,713
2022-07-03T21:00+00:00Z,2022-07-03T21:30+00:00Z,10Y1001A1001A92E,MAW,696
2022-07-03T21:30+00:00Z,2022-07-03T22:00+00:00Z,10Y1001A1001A92E,MAW,659
2022-07-03T22:00+00:00Z,2022-07-03T22:30+00:00Z,10Y1001A1001A92E,MAW,604
2022-07-03T23:30+00:00Z,2022-07-04T00:00+00:00Z,10Y1001A1001A92E,MAW,525
2022-07-04T00:00+00:00Z,2022-07-04T00:30+00:00Z,10Y1001A1001A92E,MAW,512
2022-07-04T00:30+00:00Z,2022-07-04T01:00+00:00Z,10Y1001A1001A92E,MAW,500
2022-07-04T01:00+00:00Z,2022-07-04T01:30+00:00Z,10Y1001A1001A92E,MAW,503
2022-07-04T01:30+00:00Z,2022-07-04T02:00+00:00Z,10Y1001A1001A92E,MAW,501
2022-07-04T02:00+00:00Z,2022-07-04T02:30+00:00Z,10Y1001A1001A92E,MAW,488
2022-07-04T02:30+00:00Z,2022-07-04T03:00+00:00Z,10Y1001A1001A92E,MAW,493
2022-07-04T03:00+00:00Z,2022-07-04T03:30+00:00Z,10Y1001A1001A92E,MAW,483
2022-07-04T03:30+00:00Z,2022-07-04T04:00+00:00Z,10Y1001A1001A92E,MAW,485
2022-07-04T04:00+00:00Z,2022-07-04T04:30+00:00Z,10Y1001A1001A92E,MAW,494
2022-07-04T04:30+00:00Z,2022-07-04T05:00+00:00Z,10Y1001A1001A92E,MAW,539
2022-07-04T05:00+00:00Z,2022-07-04T05:30+00:00Z,10Y1001A1001A92E,MAW,600
2022-07-04T05:30+00:00Z,2022-07-04T06:00+00:00Z,10Y1001A1001A92E,MAW,669
2022-07-04T06:00+00:00Z,2022-07-04T06:30+00:00Z,10Y1001A1001A92E,MAW,745
2022-07-04T06:30+00:00Z,2022-07-04T07:00+00:00Z,10Y1001A1001A92E,MAW,804
2022-07-04T07:00+00:00Z,2022-07-04T07:30+00:00Z,10Y1001A1001A92E,MAW,869
2022-07-04T07:30+00:00Z,2022-07-04T08:00+00:00Z,10Y1001A1001A92E,MAW,887
2022-07-04T08:00+00:00Z,2022-07-04T08:30+00:00Z,10Y1001A1001A92E,MAW,906
2022-07-04T08:30+00:00Z,2022-07-04T09:00+00:00Z,10Y1001A1001A92E,MAW,910
2022-07-04T09:00+00:00Z,2022-07-04T09:30+00:00Z,10Y1001A1001A92E,MAW,913
2022-07-04T09:30+00:00Z,2022-07-04T10:00+00:00Z,10Y1001A1001A92E,MAW,916
2022-07-04T10:00+00:00Z,2022-07-04T10:30+00:00Z,10Y1001A1001A92E,MAW,922
2022-07-04T10:30+00:00Z,2022-07-04T11:00+00:00Z,10Y1001A1001A92E,MAW,912
2022-07-04T11:00+00:00Z,2022-07-04T11:30+00:00Z,10Y1001A1001A92E,MAW,921
2022-07-04T11:30+00:00Z,2022-07-04T12:00+00:00Z,10Y1001A1001A92E,MAW,920
2022-07-04T12:00+00:00Z,2022-07-04T12:30+00:00Z,10Y1001A1001A92E,MAW,888
2022-07-04T12:30+00:00Z,2022-07-04T13:00+00:00Z,10Y1001A1001A92E,MAW,889
2022-07-04T13:00+00:00Z,2022-07-04T13:30+00:00Z,10Y1001A1001A92E,MAW,879
2022-07-04T13:30+00:00Z,2022-07-04T14:00+00:00Z,10Y1001A1001A92E,MAW,886
2022-07-04T14:00+00:00Z,2022-07-04T14:30+00:00Z,10Y1001A1001A92E,MAW,898
2022-07-04T14:30+00:00Z,2022-07-04T15:00+00:00Z,10Y1001A1001A92E,MAW,907
2022-07-04T15:00+00:00Z,2022-07-04T15:30+00:00Z,10Y1001A1001A92E,MAW,933
2022-07-04T15:30+00:00Z,2022-07-04T16:00+00:00Z,10Y1001A1001A92E,MAW,976
2022-07-04T16:00+00:00Z,2022-07-04T16:30+00:00Z,10Y1001A1001A92E,MAW,994
2022-07-04T16:30+00:00Z,2022-07-04T17:00+00:00Z,10Y1001A1001A92E,MAW,974
2022-07-04T17:00+00:00Z,2022-07-04T17:30+00:00Z,10Y1001A1001A92E,MAW,923
2022-07-04T17:30+00:00Z,2022-07-04T18:00+00:00Z,10Y1001A1001A92E,MAW,885
2022-07-04T18:00+00:00Z,2022-07-04T18:30+00:00Z,10Y1001A1001A92E,MAW,875
2022-07-04T18:30+00:00Z,2022-07-04T19:00+00:00Z,10Y1001A1001A92E,MAW,868
2022-07-04T19:00+00:00Z,2022-07-04T19:30+00:00Z,10Y1001A1001A92E,MAW,851
2022-07-04T20:30+00:00Z,2022-07-04T21:00+00:00Z,10Y1001A1001A92E,MAW,804
2022-07-04T21:00+00:00Z,2022-07-04T21:30+00:00Z,10Y1001A1001A92E,MAW,801
2022-07-04T21:30+00:00Z,2022-07-04T22:00+00:00Z,10Y1001A1001A92E,MAW,759
2022-07-04T22:00+00:00Z,2022-07-04T22:30+00:00Z,10Y1001A1001A92E,MAW,709
2022-07-04T22:30+00:00Z,2022-07-04T23:00+00:00Z,10Y1001A1001A92E,MAW,669
2022-07-04T23:00+00:00Z,2022-07-04T23:30+00:00Z,10Y1001A1001A92E,MAW,637
2022-07-04T23:30+00:00Z,2022-07-05T00:00+00:00Z,10Y1001A1001A92E,MAW,615
2022-07-05T00:00+00:00Z,2022-07-05T00:30+00:00Z,10Y1001A1001A92E,MAW,605
2022-07-05T00:30+00:00Z,2022-07-05T01:00+00:00Z,10Y1001A1001A92E,MAW,601
2022-07-05T01:00+00:00Z,2022-07-05T01:30+00:00Z,10Y1001A1001A92E,MAW,601
2022-07-05T01:30+00:00Z,2022-07-05T02:00+00:00Z,10Y1001A1001A92E,MAW,588
2022-07-05T02:00+00:00Z,2022-07-05T02:30+00:00Z,10Y1001A1001A92E,MAW,581
2022-07-05T02:30+00:00Z,2022-07-05T03:00+00:00Z,10Y1001A1001A92E,MAW,579
2022-07-05T03:00+00:00Z,2022-07-05T03:30+00:00Z,10Y1001A1001A92E,MAW,577
2022-07-05T03:30+00:00Z,2022-07-05T04:00+00:00Z,10Y1001A1001A92E,MAW,570
2022-07-05T04:00+00:00Z,2022-07-05T04:30+00:00Z,10Y1001A1001A92E,MAW,577
2022-07-05T04:30+00:00Z,2022-07-05T05:00+00:00Z,10Y1001A1001A92E,MAW,624
2022-07-05T05:00+00:00Z,2022-07-05T05:30+00:00Z,10Y1001A1001A92E,MAW,673
2022-07-05T05:30+00:00Z,2022-07-05T06:00+00:00Z,10Y1001A1001A92E,MAW,740
2022-07-05T06:00+00:00Z,2022-07-05T06:30+00:00Z,10Y1001A1001A92E,MAW,815
2022-07-05T06:30+00:00Z,2022-07-05T07:00+00:00Z,10Y1001A1001A92E,MAW,874
2022-07-05T07:00+00:00Z,2022-07-05T07:30+00:00Z,10Y1001A1001A92E,MAW,922
2022-07-05T07:30+00:00Z,2022-07-05T08:00+00:00Z,10Y1001A1001A92E,MAW,951
2022-07-05T08:00+00:00Z,2022-07-05T08:30+00:00Z,10Y1001A1001A92E,MAW,961
2022-07-05T08:30+00:00Z,2022-07-05T09:00+00:00Z,10Y1001A1001A92E,MAW,951
2022-07-05T09:00+00:00Z,2022-07-05T09:30+00:00Z,10Y1001A1001A92E,MAW,949
2022-07-05T09:30+00:00Z,2022-07-05T10:00+00:00Z,10Y1001A1001A92E,MAW,955
2022-07-05T10:00+00:00Z,2022-07-05T10:30+00:00Z,10Y1001A1001A92E,MAW,948
2022-07-05T10:30+00:00Z,2022-07-05T11:00+00:00Z,10Y1001A1001A92E,MAW,953
2022-07-05T11:00+00:00Z,2022-07-05T11:30+00:00Z,10Y1001A1001A92E,MAW,965
2022-07-05T11:30+00:00Z,2022-07-05T12:00+00:00Z,10Y1001A1001A92E,MAW,961
2022-07-05T12:00+00:00Z,2022-07-05T12:30+00:00Z,10Y1001A1001A92E,MAW,943
2022-07-05T12:30+00:00Z,2022-07-05T13:00+00:00Z,10Y1001A1001A92E,MAW,952
2022-07-05T13:00+00:00Z,2022-07-05T13:30+00:00Z,10Y1001A1001A92E,MAW,965
2022-07-05T13:30+00:00Z,2022-07-05T14:00+00:00Z,10Y1001A1001A92E,MAW,979
2022-07-05T14:00+00:00Z,2022-07-05T14:30+00:00Z,10Y1001A1001A92E,MAW,995
2022-07-05T14:30+00:00Z,2022-07-05T15:00+00:00Z,10Y1001A1001A92E,MAW,995
2022-07-05T15:00+00:00Z,2022-07-05T15:30+00:00Z,10Y1001A1001A92E,MAW,1035
2022-07-05T15:30+00:00Z,2022-07-05T16:00+00:00Z,10Y1001A1001A92E,MAW,1069
2022-07-05T16:00+00:00Z,2022-07-05T16:30+00:00Z,10Y1001A1001A92E,MAW,1083
2022-07-05T16:30+00:00Z,2022-07-05T17:00+00:00Z,10Y1001A1001A92E,MAW,1054
2022-07-05T17:00+00:00Z,2022-07-05T17:30+00:00Z,10Y1001A1001A92E,MAW,1012
2022-07-05T17:30+00:00Z,2022-07-05T18:00+00:00Z,10Y1001A1001A92E,MAW,967
2022-07-05T18:00+00:00Z,2022-07-05T18:30+00:00Z,10Y1001A1001A92E,MAW,935
2022-07-05T18:30+00:00Z,2022-07-05T19:00+00:00Z,10Y1001A1001A92E,MAW,906
2022-07-05T19:00+00:00Z,2022-07-05T19:30+00:00Z,10Y1001A1001A92E,MAW,880
2022-07-05T19:30+00:00Z,2022-07-05T20:00+00:00Z,10Y1001A1001A92E,MAW,861
2022-07-05T20:00+00:00Z,2022-07-05T20:30+00:00Z,10Y1001A1001A92E,MAW,828
2022-07-05T20:30+00:00Z,2022-07-05T21:00+00:00Z,10Y1001A1001A92E,MAW,806
2022-07-05T21:00+00:00Z,2022-07-05T21:30+00:00Z,10Y1001A1001A92E,MAW,795
2022-07-05T21:30+00:00Z,2022-07-05T22:00+00:00Z,10Y1001A1001A92E,MAW,749
2022-07-05T22:00+00:00Z,2022-07-05T22:30+00:00Z,10Y1001A1001A92E,MAW,705
2022-07-05T22:30+00:00Z,2022-07-05T23:00+00:00Z,10Y1001A1001A92E,MAW,653
2022-07-05T23:00+00:00Z,2022-07-05T23:30+00:00Z,10Y1001A1001A92E,MAW,615
2022-07-05T23:30+00:00Z,2022-07-06T00:00+00:00Z,10Y1001A1001A92E,MAW,595
2022-07-06T00:00+00:00Z,2022-07-06T00:30+00:00Z,10Y1001A1001A92E,MAW,574
2022-07-06T00:30+00:00Z,2022-07-06T01:00+00:00Z,10Y1001A1001A92E,MAW,561
2022-07-06T01:00+00:00Z,2022-07-06T01:30+00:00Z,10Y1001A1001A92E,MAW,571
2022-07-06T01:30+00:00Z,2022-07-06T02:00+00:00Z,10Y1001A1001A92E,MAW,557
2022-07-06T02:00+00:00Z,2022-07-06T02:30+00:00Z,10Y1001A1001A92E,MAW,553
2022-07-06T02:30+00:00Z,2022-07-06T03:00+00:00Z,10Y1001A1001A92E,MAW,545
2022-07-06T03:00+00:00Z,2022-07-06T03:30+00:00Z,10Y1001A1001A92E,MAW,543
2022-07-06T03:30+00:00Z,2022-07-06T04:00+00:00Z,10Y1001A1001A92E,MAW,535
2022-07-06T04:00+00:00Z,2022-07-06T04:30+00:00Z,10Y1001A1001A92E,MAW,548
2022-07-06T04:30+00:00Z,2022-07-06T05:00+00:00Z,10Y1001A1001A92E,MAW,599
2022-07-06T05:00+00:00Z,2022-07-06T05:30+00:00Z,10Y1001A1001A92E,MAW,657
2022-07-06T05:30+00:00Z,2022-07-06T06:00+00:00Z,10Y1001A1001A92E,MAW,733
2022-07-06T06:00+00:00Z,2022-07-06T06:30+00:00Z,10Y1001A1001A92E,MAW,810
2022-07-06T06:30+00:00Z,2022-07-06T07:00+00:00Z,10Y1001A1001A92E,MAW,867
2022-07-06T07:00+00:00Z,2022-07-06T07:30+00:00Z,10Y1001A1001A92E,MAW,909
2022-07-06T07:30+00:00Z,2022-07-06T08:00+00:00Z,10Y1001A1001A92E,MAW,936
2022-07-06T08:00+00:00Z,2022-07-06T08:30+00:00Z,10Y1001A1001A92E,MAW,947
2022-07-06T08:30+00:00Z,2022-07-06T09:00+00:00Z,10Y1001A1001A92E,MAW,937
2022-07-06T09:00+00:00Z,2022-07-06T09:30+00:00Z,10Y1001A1001A92E,MAW,949
2022-07-06T09:30+00:00Z,2022-07-06T10:00+00:00Z,10Y1001A1001A92E,MAW,962
2022-07-06T10:00+00:00Z,2022-07-06T10:30+00:00Z,10Y1001A1001A92E,MAW,957
2022-07-06T10:30+00:00Z,2022-07-06T11:00+00:00Z,10Y1001A1001A92E,MAW,948
2022-07-06T11:00+00:00Z,2022-07-06T11:30+00:00Z,10Y1001A1001A92E,MAW,956
2022-07-06T11:30+00:00Z,2022-07-06T12:00+00:00Z,10Y1001A1001A92E,MAW,953
2022-07-06T12:00+00:00Z,2022-07-06T12:30+00:00Z,10Y1001A1001A92E,MAW,927
2022-07-06T12:30+00:00Z,2022-07-06T13:00+00:00Z,10Y1001A1001A92E,MAW,920
2022-07-06T13:00+00:00Z,2022-07-06T13:30+00:00Z,10Y1001A1001A92E,MAW,915
2022-07-06T13:30+00:00Z,2022-07-06T14:00+00:00Z,10Y1001A1001A92E,MAW,926
2022-07-06T14:00+00:00Z,2022-07-06T14:30+00:00Z,10Y1001A1001A92E,MAW,925
2022-07-06T14:30+00:00Z,2022-07-06T15:00+00:00Z,10Y1001A1001A92E,MAW,931
2022-07-06T15:00+00:00Z,2022-07-06T15:30+00:00Z,10Y1001A1001A92E,MAW,977
2022-07-06T15:30+00:00Z,2022-07-06T16:00+00:00Z,10Y1001A1001A92E,MAW,1011
2022-07-06T16:00+00:00Z,2022-07-06T16:30+00:00Z,10Y1001A1001A92E,MAW,1025
2022-07-06T16:30+00:00Z,2022-07-06T17:00+00:00Z,10Y1001A1001A92E,MAW,989
2022-07-06T17:00+00:00Z,2022-07-06T17:30+00:00Z,10Y1001A1001A92E,MAW,938
2022-07-06T17:30+00:00Z,2022-07-06T18:00+00:00Z,10Y1001A1001A92E,MAW,895
2022-07-06T18:00+00:00Z,2022-07-06T18:30+00:00Z,10Y1001A1001A92E,MAW,866
2022-07-06T18:30+00:00Z,2022-07-06T19:00+00:00Z,10Y1001A1001A92E,MAW,859
2022-07-06T19:00+00:00Z,2022-07-06T19:30+00:00Z,10Y1001A1001A92E,MAW,836
2022-07-06T19:30+00:00Z,2022-07-06T20:00+00:00Z,10Y1001A1001A92E,MAW,820
2022-07-06T20:00+00:00Z,2022-07-06T20:30+00:00Z,10Y1001A1001A92E,MAW,781
2022-07-06T20:30+00:00Z,2022-07-06T21:00+00:00Z,10Y1001A1001A92E,MAW,763
2022-07-06T21:00+00:00Z,2022-07-06T21:30+00:00Z,10Y1001A1001A92E,MAW,766
2022-07-06T21:30+00:00Z,2022-07-06T22:00+00:00Z,10Y1001A1001A92E,MAW,727
2022-07-06T22:00+00:00Z,2022-07-06T22:30+00:00Z,10Y1001A1001A92E,MAW,674
2022-07-06T22:30+00:00Z,2022-07-06T23:00+00:00Z,10Y1001A1001A92E,MAW,632
2022-07-06T23:00+00:00Z,2022-07-06T23:30+00:00Z,10Y1001A1001A92E,MAW,594
2022-07-06T23:30+00:00Z,2022-07-07T00:00+00:00Z,10Y1001A1001A92E,MAW,572
2022-07-07T00:00+00:00Z,2022-07-07T00:30+00:00Z,10Y1001A1001A92E,MAW,564
2022-07-07T00:30+00:00Z,2022-07-07T01:00+00:00Z,10Y1001A1001A92E,MAW,550
2022-07-07T01:00+00:00Z,2022-07-07T01:30+00:00Z,10Y1001A1001A92E,MAW,556
2022-07-07T01:30+00:00Z,2022-07-07T02:00+00:00Z,10Y1001A1001A92E,MAW,548
2022-07-07T02:00+00:00Z,2022-07-07T02:30+00:00Z,10Y1001A1001A92E,MAW,548
2022-07-07T02:30+00:00Z,2022-07-07T03:00+00:00Z,10Y1001A1001A92E,MAW,544
2022-07-07T03:00+00:00Z,2022-07-07T03:30+00:00Z,10Y1001A1001A92E,MAW,556
2022-07-07T03:30+00:00Z,2022-07-07T04:00+00:00Z,10Y1001A1001A92E,MAW,546
2022-07-07T04:00+00:00Z,2022-07-07T04:30+00:00Z,10Y1001A1001A92E,MAW,563
2022-07-07T04:30+00:00Z,2022-07-07T05:00+00:00Z,10Y1001A1001A92E,MAW,598
2022-07-07T05:00+00:00Z,2022-07-07T05:30+00:00Z,10Y1001A1001A92E,MAW,663
2022-07-07T05:30+00:00Z,2022-07-07T06:00+00:00Z,10Y1001A1001A92E,MAW,722
2022-07-07T06:00+00:00Z,2022-07-07T06:30+00:00Z,10Y1001A1001A92E,MAW,795
2022-07-07T06:30+00:00Z,2022-07-07T07:00+00:00Z,10Y1001A1001A92E,MAW,863
2022-07-07T07:00+00:00Z,2022-07-07T07:30+00:00Z,10Y1001A1001A92E,MAW,914
2022-07-07T07:30+00:00Z,2022-07-07T08:00+00:00Z,10Y1001A1001A92E,MAW,956
2022-07-07T08:00+00:00Z,2022-07-07T08:30+00:00Z,10Y1001A1001A92E,MAW,970
2022-07-07T08:30+00:00Z,2022-07-07T09:00+00:00Z,10Y1001A1001A92E,MAW,975
2022-07-07T09:00+00:00Z,2022-07-07T09:30+00:00Z,10Y1001A1001A92E,MAW,990
2022-07-07T09:30+00:00Z,2022-07-07T10:00+00:00Z,10Y1001A1001A92E,MAW,992
2022-07-07T10:00+00:00Z,2022-07-07T10:30+00:00Z,10Y1001A1001A92E,MAW,990
2022-07-07T10:30+00:00Z,2022-07-07T11:00+00:00Z,10Y1001A1001A92E,MAW,992
2022-07-07T11:00+00:00Z,2022-07-07T11:30+00:00Z,10Y1001A1001A92E,MAW,993
2022-07-07T11:30+00:00Z,2022-07-07T12:00+00:00Z,10Y1001A1001A92E,MAW,982
2022-07-07T12:00+00:00Z,2022-07-07T12:30+00:00Z,10Y1001A1001A92E,MAW,955
2022-07-07T12:30+00:00Z,2022-07-07T13:00+00:00Z,10Y1001A1001A92E,MAW,947
2022-07-07T13:00+00:00Z,2022-07-07T13:30+00:00Z,10Y1001A1001A92E,MAW,943
2022-07-07T13:30+00:00Z,2022-07-07T14:00+00:00Z,10Y1001A1001A92E,MAW,946
2022-07-07T14:00+00:00Z,2022-07-07T14:30+00:00Z,10Y1001A1001A92E,MAW,934
2022-07-07T14:30+00:00Z,2022-07-07T15:00+00:00Z,10Y1001A1001A92E,MAW,928
2022-07-07T15:00+00:00Z,2022-07-07T15:30+00:00Z,10Y1001A1001A92E,MAW,953
2022-07-07T15:30+00:00Z,2022-07-07T16:00+00:00Z,10Y1001A1001A92E,MAW,970
2022-07-07T16:00+00:00Z,2022-07-07T16:30+00:00Z,10Y1001A1001A92E,MAW,983
2022-07-07T16:30+00:00Z,2022-07-07T17:00+00:00Z,10Y1001A1001A92E,MAW,982
2022-07-07T17:00+00:00Z,2022-07-07T17:30+00:00Z,10Y1001A1001A92E,MAW,958
2022-07-07T17:30+00:00Z,2022-07-07T18:00+00:00Z,10Y1001A1001A92E,MAW,916
2022-07-07T18:00+00:00Z,2022-07-07T18:30+00:00Z,10Y1001A1001A92E,MAW,901
2022-07-07T18:30+00:00Z,2022-07-07T19:00+00:00Z,10Y1001A1001A92E,MAW,880
2022-07-07T19:00+00:00Z,2022-07-07T19:30+00:00Z,10Y1001A1001A92E,MAW,871
2022-07-07T19:30+00:00Z,2022-07-07T20:00+00:00Z,10Y1001A1001A92E,MAW,859
2022-07-07T20:00+00:00Z,2022-07-07T20:30+00:00Z,10Y1001A1001A92E,MAW,832
2022-07-07T20:30+00:00Z,2022-07-07T21:00+00:00Z,10Y1001A1001A92E,MAW,816
2022-07-07T21:00+00:00Z,2022-07-07T21:30+00:00Z,10Y1001A1001A92E,MAW,829
2022-07-07T21:30+00:00Z,2022-07-07T22:00+00:00Z,10Y1001A1001A92E,MAW,781
2022-07-07T22:00+00:00Z,2022-07-07T22:30+00:00Z,10Y1001A1001A92E,MAW,734
2022-07-07T22:30+00:00Z,2022-07-07T23:00+00:00Z,10Y1001A1001A92E,MAW,687
2022-07-07T23:00+00:00Z,2022-07-07T23:30+00:00Z,10Y1001A1001A92E,MAW,657
2022-07-07T23:30+00:00Z,2022-07-08T00:00+00:00Z,10Y1001A1001A92E,MAW,627
2022-07-08T00:00+00:00Z,2022-07-08T00:30+00:00Z,10Y1001A1001A92E,MAW,611
2022-07-08T00:30+00:00Z,2022-07-08T01:00+00:00Z,10Y1001A1001A92E,MAW,600
2022-07-08T01:00+00:00Z,2022-07-08T01:30+00:00Z,10Y1001A1001A92E,MAW,601
2022-07-08T01:30+00:00Z,2022-07-08T02:00+00:00Z,10Y1001A1001A92E,MAW,587
2022-07-08T02:00+00:00Z,2022-07-08T02:30+00:00Z,10Y1001A1001A92E,MAW,580
2022-07-08T02:30+00:00Z,2022-07-08T03:00+00:00Z,10Y1001A1001A92E,MAW,572
2022-07-08T03:00+00:00Z,2022-07-08T03:30+00:00Z,10Y1001A1001A92E,MAW,569
2022-07-08T03:30+00:00Z,2022-07-08T04:00+00:00Z,10Y1001A1001A92E,MAW,552
2022-07-08T04:00+00:00Z,2022-07-08T04:30+00:00Z,10Y1001A1001A92E,MAW,566
2022-07-08T04:30+00:00Z,2022-07-08T05:00+00:00Z,10Y1001A1001A92E,MAW,599
2022-07-08T05:00+00:00Z,2022-07-08T05:30+00:00Z,10Y1001A1001A92E,MAW,659
2022-07-08T05:30+00:00Z,2022-07-08T06:00+00:00Z,10Y1001A1001A92E,MAW,719
2022-07-08T06:00+00:00Z,2022-07-08T06:30+00:00Z,10Y1001A1001A92E,MAW,799
2022-07-08T06:30+00:00Z,2022-07-08T07:00+00:00Z,10Y1001A1001A92E,MAW,862
2022-07-08T07:00+00:00Z,2022-07-08T07:30+00:00Z,10Y1001A1001A92E,MAW,912
2022-07-08T07:30+00:00Z,2022-07-08T08:00+00:00Z,10Y1001A1001A92E,MAW,936
2022-07-08T08:00+00:00Z,2022-07-08T08:30+00:00Z,10Y1001A1001A92E,MAW,944
2022-07-08T08:30+00:00Z,2022-07-08T09:00+00:00Z,10Y1001A1001A92E,MAW,946
2022-07-08T09:00+00:00Z,2022-07-08T09:30+00:00Z,10Y1001A1001A92E,MAW,934
2022-07-08T09:30+00:00Z,2022-07-08T10:00+00:00Z,10Y1001A1001A92E,MAW,934
2022-07-08T10:00+00:00Z,2022-07-08T10:30+00:00Z,10Y1001A1001A92E,MAW,930
2022-07-08T10:30+00:00Z,2022-07-08T11:00+00:00Z,10Y1001A1001A92E,MAW,931
2022-07-08T11:00+00:00Z,2022-07-08T11:30+00:00Z,10Y1001A1001A92E,MAW,929
2022-07-08T11:30+00:00Z,2022-07-08T12:00+00:00Z,10Y1001A1001A92E,MAW,924
2022-07-08T12:00+00:00Z,2022-07-08T12:30+00:00Z,10Y1001A1001A92E,MAW,917
2022-07-08T12:30+00:00Z,2022-07-08T13:00+00:00Z,10Y1001A1001A92E,MAW,895
2022-07-08T13:00+00:00Z,2022-07-08T13:30+00:00Z,10Y1001A1001A92E,MAW,869
2022-07-08T13:30+00:00Z,2022-07-08T14:00+00:00Z,10Y1001A1001A92E,MAW,852
2022-07-08T14:00+00:00Z,2022-07-08T14:30+00:00Z,10Y1001A1001A92E,MAW,817
2022-07-08T14:30+00:00Z,2022-07-08T15:00+00:00Z,10Y1001A1001A92E,MAW,848
2022-07-08T15:00+00:00Z,2022-07-08T15:30+00:00Z,10Y1001A1001A92E,MAW,887
2022-07-08T15:30+00:00Z,2022-07-08T16:00+00:00Z,10Y1001A1001A92E,MAW,902
2022-07-08T16:00+00:00Z,2022-07-08T16:30+00:00Z,10Y1001A1001A92E,MAW,940
2022-07-08T16:30+00:00Z,2022-07-08T17:00+00:00Z,10Y1001A1001A92E,MAW,928
2022-07-08T17:00+00:00Z,2022-07-08T17:30+00:00Z,10Y1001A1001A92E,MAW,910
2022-07-08T17:30+00:00Z,2022-07-08T18:00+00:00Z,10Y1001A1001A92E,MAW,878
2022-07-08T18:00+00:00Z,2022-07-08T18:30+00:00Z,10Y1001A1001A92E,MAW,858
2022-07-08T18:30+00:00Z,2022-07-08T19:00+00:00Z,10Y1001A1001A92E,MAW,843
2022-07-08T19:00+00:00Z,2022-07-08T19:30+00:00Z,10Y1001A1001A92E,MAW,821
2022-07-08T19:30+00:00Z,2022-07-08T20:00+00:00Z,10Y1001A1001A92E,MAW,805
2022-07-08T20:00+00:00Z,2022-07-08T20:30+00:00Z,10Y1001A1001A92E,MAW,767
2022-07-08T20:30+00:00Z,2022-07-08T21:00+00:00Z,10Y1001A1001A92E,MAW,755
2022-07-08T21:00+00:00Z,2022-07-08T21:30+00:00Z,10Y1001A1001A92E,MAW,764
2022-07-08T21:30+00:00Z,2022-07-08T22:00+00:00Z,10Y1001A1001A92E,MAW,731
2022-07-08T22:00+00:00Z,2022-07-08T22:30+00:00Z,10Y1001A1001A92E,MAW,683
2022-07-08T22:30+00:00Z,2022-07-08T23:00+00:00Z,10Y1001A1001A92E,MAW,646
2022-07-08T23:00+00:00Z,2022-07-08T23:30+00:00Z,10Y1001A1001A92E,MAW,617
2022-07-08T23:30+00:00Z,2022-07-09T00:00+00:00Z,10Y1001A1001A92E,MAW,588
2022-07-09T00:00+00:00Z,2022-07-09T00:30+00:00Z,10Y1001A1001A92E,MAW,571
2022-07-09T00:30+00:00Z,2022-07-09T01:00+00:00Z,10Y1001A1001A92E,MAW,566
2022-07-09T01:00+00:00Z,2022-07-09T01:30+00:00Z,10Y1001A1001A92E,MAW,556
2022-07-09T01:30+00:00Z,2022-07-09T02:00+00:00Z,10Y1001A1001A92E,MAW,540
2022-07-09T02:00+00:00Z,2022-07-09T02:30+00:00Z,10Y1001A1001A92E,MAW,532
2022-07-09T02:30+00:00Z,2022-07-09T03:00+00:00Z,10Y1001A1001A92E,MAW,529
2022-07-09T03:00+00:00Z,2022-07-09T03:30+00:00Z,10Y1001A1001A92E,MAW,522
2022-07-09T03:30+00:00Z,2022-07-09T04:00+00:00Z,10Y1001A1001A92E,MAW,514
2022-07-09T04:00+00:00Z,2022-07-09T04:30+00:00Z,10Y1001A1001A92E,MAW,522
2022-07-09T04:30+00:00Z,2022-07-09T05:00+00:00Z,10Y1001A1001A92E,MAW,542
2022-07-09T05:00+00:00Z,2022-07-09T05:30+00:00Z,10Y1001A1001A92E,MAW,577
2022-07-09T05:30+00:00Z,2022-07-09T06:00+00:00Z,10Y1001A1001A92E,MAW,596
2022-07-09T06:00+00:00Z,2022-07-09T06:30+00:00Z,10Y1001A1001A92E,MAW,650
2022-07-09T06:30+00:00Z,2022-07-09T07:00+00:00Z,10Y1001A1001A92E,MAW,701
2022-07-09T07:00+00:00Z,2022-07-09T07:30+00:00Z,10Y1001A1001A92E,MAW,751
2022-07-09T07:30+00:00Z,2022-07-09T08:00+00:00Z,10Y1001A1001A92E,MAW,786
2022-07-09T08:00+00:00Z,2022-07-09T08:30+00:00Z,10Y1001A1001A92E,MAW,815
2022-07-09T08:30+00:00Z,2022-07-09T09:00+00:00Z,10Y1001A1001A92E,MAW,835
2022-07-09T09:00+00:00Z,2022-07-09T09:30+00:00Z,10Y1001A1001A92E,MAW,845
2022-07-09T09:30+00:00Z,2022-07-09T10:00+00:00Z,10Y1001A1001A92E,MAW,842
2022-07-09T10:00+00:00Z,2022-07-09T10:30+00:00Z,10Y1001A1001A92E,MAW,838
2022-07-09T10:30+00:00Z,2022-07-09T11:00+00:00Z,10Y1001A1001A92E,MAW,833
2022-07-09T11:00+00:00Z,2022-07-09T11:30+00:00Z,10Y1001A1001A92E,MAW,836
2022-07-09T11:30+00:00Z,2022-07-09T12:00+00:00Z,10Y1001A1001A92E,MAW,827
2022-07-09T12:00+00:00Z,2022-07-09T12:30+00:00Z,10Y1001A1001A92E,MAW,815
2022-07-09T12:30+00:00Z,2022-07-09T13:00+00:00Z,10Y1001A1001A92E,MAW,794
2022-07-09T13:00+00:00Z,2022-07-09T13:30+00:00Z,10Y1001A1001A92E,MAW,776
2022-07-09T13:30+00:00Z,2022-07-09T14:00+00:00Z,10Y1001A1001A92E,MAW,764
2022-07-09T14:00+00:00Z,2022-07-09T14:30+00:00Z,10Y1001A1001A92E,MAW,766
2022-07-09T14:30+00:00Z,2022-07-09T15:00+00:00Z,10Y1001A1001A92E,MAW,765
2022-07-09T15:00+00:00Z,2022-07-09T15:30+00:00Z,10Y1001A1001A92E,MAW,792
2022-07-09T15:30+00:00Z,2022-07-09T16:00+00:00Z,10Y1001A1001A92E,MAW,819
2022-07-09T16:00+00:00Z,2022-07-09T16:30+00:00Z,10Y1001A1001A92E,MAW,839
2022-07-09T16:30+00:00Z,2022-07-09T17:00+00:00Z,10Y1001A1001A92E,MAW,834
2022-07-09T17:00+00:00Z,2022-07-09T17:30+00:00Z,10Y1001A1001A92E,MAW,822
2022-07-09T17:30+00:00Z,2022-07-09T18:00+00:00Z,10Y1001A1001A92E,MAW,809
2022-07-09T18:00+00:00Z,2022-07-09T18:30+00:00Z,10Y1001A1001A92E,MAW,797
2022-07-09T18:30+00:00Z,2022-07-09T19:00+00:00Z,10Y1001A1001A92E,MAW,779
2022-07-09T19:00+00:00Z,2022-07-09T19:30+00:00Z,10Y1001A1001A92E,MAW,761
2022-07-09T19:30+00:00Z,2022-07-09T20:00+00:00Z,10Y1001A1001A92E,MAW,742
2022-07-09T20:00+00:00Z,2022-07-09T20:30+00:00Z,10Y1001A1001A92E,MAW,727
2022-07-09T20:30+00:00Z,2022-07-09T21:00+00:00Z,10Y1001A1001A92E,MAW,720
2022-07-09T21:00+00:00Z,2022-07-09T21:30+00:00Z,10Y1001A1001A92E,MAW,725
2022-07-09T21:30+00:00Z,2022-07-09T22:00+00:00Z,10Y1001A1001A92E,MAW,698
2022-07-09T22:00+00:00Z,2022-07-09T22:30+00:00Z,10Y1001A1001A92E,MAW,663
2022-07-09T22:30+00:00Z,2022-07-09T23:00+00:00Z,10Y1001A1001A92E,MAW,632
2022-07-09T23:00+00:00Z,2022-07-09T23:30+00:00Z,10Y1001A1001A92E,MAW,611
2022-07-09T23:30+00:00Z,2022-07-10T00:00+00:00Z,10Y1001A1001A92E,MAW,585
2022-07-10T00:00+00:00Z,2022-07-10T00:30+00:00Z,10Y1001A1001A92E,MAW,566
2022-07-10T00:30+00:00Z,2022-07-10T01:00+00:00Z,10Y1001A1001A92E,MAW,559
2022-07-10T01:00+00:00Z,2022-07-10T01:30+00:00Z,10Y1001A1001A92E,MAW,558
2022-07-10T01:30+00:00Z,2022-07-10T02:00+00:00Z,10Y1001A1001A92E,MAW,545
2022-07-10T02:00+00:00Z,2022-07-10T02:30+00:00Z,10Y1001A1001A92E,MAW,531
2022-07-10T02:30+00:00Z,2022-07-10T03:00+00:00Z,10Y1001A1001A92E,MAW,525
2022-07-10T03:00+00:00Z,2022-07-10T03:30+00:00Z,10Y1001A1001A92E,MAW,518
2022-07-10T03:30+00:00Z,2022-07-10T04:00+00:00Z,10Y1001A1001A92E,MAW,506
2022-07-10T04:00+00:00Z,2022-07-10T04:30+00:00Z,10Y1001A1001A92E,MAW,506
2022-07-10T04:30+00:00Z,2022-07-10T05:00+00:00Z,10Y1001A1001A92E,MAW,512
2022-07-10T05:00+00:00Z,2022-07-10T05:30+00:00Z,10Y1001A1001A92E,MAW,531
2022-07-10T05:30+00:00Z,2022-07-10T06:00+00:00Z,10Y1001A1001A92E,MAW,553
2022-07-10T06:00+00:00Z,2022-07-10T06:30+00:00Z,10Y1001A1001A92E,MAW,580
2022-07-10T06:30+00:00Z,2022-07-10T07:00+00:00Z,10Y1001A1001A92E,MAW,611
2022-07-10T07:00+00:00Z,2022-07-10T07:30+00:00Z,10Y1001A1001A92E,MAW,665
2022-07-10T07:30+00:00Z,2022-07-10T08:00+00:00Z,10Y1001A1001A92E,MAW,704
2022-07-10T08:00+00:00Z,2022-07-10T08:30+00:00Z,10Y1001A1001A92E,MAW,736
2022-07-10T08:30+00:00Z,2022-07-10T09:00+00:00Z,10Y1001A1001A92E,MAW,780
2022-07-10T09:00+00:00Z,2022-07-10T09:30+00:00Z,10Y1001A1001A92E,MAW,797
2022-07-10T09:30+00:00Z,2022-07-10T10:00+00:00Z,10Y1001A1001A92E,MAW,816
2022-07-10T10:00+00:00Z,2022-07-10T10:30+00:00Z,10Y1001A1001A92E,MAW,818
2022-07-10T10:30+00:00Z,2022-07-10T11:00+00:00Z,10Y1001A1001A92E,MAW,834
2022-07-10T11:00+00:00Z,2022-07-10T11:30+00:00Z,10Y1001A1001A92E,MAW,851
2022-07-10T11:30+00:00Z,2022-07-10T12:00+00:00Z,10Y1001A1001A92E,MAW,855
2022-07-10T12:00+00:00Z,2022-07-10T12:30+00:00Z,10Y1001A1001A92E,MAW,837
2022-07-10T12:30+00:00Z,2022-07-10T13:00+00:00Z,10Y1001A1001A92E,MAW,809
2022-07-10T13:00+00:00Z,2022-07-10T13:30+00:00Z,10Y1001A1001A92E,MAW,782
2022-07-10T13:30+00:00Z,2022-07-10T14:00+00:00Z,10Y1001A1001A92E,MAW,767
2022-07-10T14:00+00:00Z,2022-07-10T14:30+00:00Z,10Y1001A1001A92E,MAW,756
2022-07-10T14:30+00:00Z,2022-07-10T15:00+00:00Z,10Y1001A1001A92E,MAW,762
2022-07-10T15:00+00:00Z,2022-07-10T15:30+00:00Z,10Y1001A1001A92E,MAW,776
2022-07-10T15:30+00:00Z,2022-07-10T16:00+00:00Z,10Y1001A1001A92E,MAW,790
2022-07-10T16:00+00:00Z,2022-07-10T16:30+00:00Z,10Y1001A1001A92E,MAW,803
2022-07-10T16:30+00:00Z,2022-07-10T17:00+00:00Z,10Y1001A1001A92E,MAW,807
2022-07-10T17:00+00:00Z,2022-07-10T17:30+00:00Z,10Y1001A1001A92E,MAW,794
2022-07-10T17:30+00:00Z,2022-07-10T18:00+00:00Z,10Y1001A1001A92E,MAW,786
2022-07-10T18:00+00:00Z,2022-07-10T18:30+00:00Z,10Y1001A1001A92E,MAW,771
2022-07-10T18:30+00:00Z,2022-07-10T19:00+00:00Z,10Y1001A1001A92E,MAW,764
2022-07-10T19:00+00:00Z,2022-07-10T19:30+00:00Z,10Y1001A1001A92E,MAW,763
2022-07-10T19:30+00:00Z,2022-07-10T20:00+00:00Z,10Y1001A1001A92E,MAW,752
2022-07-10T20:00+00:00Z,2022-07-10T20:30+00:00Z,10Y1001A1001A92E,MAW,740
2022-07-10T20:30+00:00Z,2022-07-10T21:00+00:00Z,10Y1001A1001A92E,MAW,727
2022-07-10T21:00+00:00Z,2022-07-10T21:30+00:00Z,10Y1001A1001A92E,MAW,737
2022-07-10T21:30+00:00Z,2022-07-10T22:00+00:00Z,10Y1001A1001A92E,MAW,702
2022-07-10T22:00+00:00Z,2022-07-10T22:30+00:00Z,10Y1001A1001A92E,MAW,659
2022-07-10T22:30+00:00Z,2022-07-10T23:00+00:00Z,10Y1001A1001A92E,MAW,614
2022-07-10T23:00+00:00Z,2022-07-10T23:30+00:00Z,10Y1001A1001A92E,MAW,595
2022-07-10T23:30+00:00Z,2022-07-11T00:00+00:00Z,10Y1001A1001A92E,MAW,567
2022-07-11T00:00+00:00Z,2022-07-11T00:30+00:00Z,10Y1001A1001A92E,MAW,548
2022-07-11T00:30+00:00Z,2022-07-11T01:00+00:00Z,10Y1001A1001A92E,MAW,544
2022-07-11T01:00+00:00Z,2022-07-11T01:30+00:00Z,10Y1001A1001A92E,MAW,543
2022-07-11T01:30+00:00Z,2022-07-11T02:00+00:00Z,10Y1001A1001A92E,MAW,536
2022-07-11T02:00+00:00Z,2022-07-11T02:30+00:00Z,10Y1001A1001A92E,MAW,526
2022-07-11T02:30+00:00Z,2022-07-11T03:00+00:00Z,10Y1001A1001A92E,MAW,522
2022-07-11T03:00+00:00Z,2022-07-11T03:30+00:00Z,10Y1001A1001A92E,MAW,520
2022-07-11T03:30+00:00Z,2022-07-11T04:00+00:00Z,10Y1001A1001A92E,MAW,511
2022-07-11T04:00+00:00Z,2022-07-11T04:30+00:00Z,10Y1001A1001A92E,MAW,515
2022-07-11T04:30+00:00Z,2022-07-11T05:00+00:00Z,10Y1001A1001A92E,MAW,550
2022-07-11T05:00+00:00Z,2022-07-11T05:30+00:00Z,10Y1001A1001A92E,MAW,595
2022-07-11T05:30+00:00Z,2022-07-11T06:00+00:00Z,10Y1001A1001A92E,MAW,635
2022-07-11T06:00+00:00Z,2022-07-11T06:30+00:00Z,10Y1001A1001A92E,MAW,695
2022-07-11T06:30+00:00Z,2022-07-11T07:00+00:00Z,10Y1001A1001A92E,MAW,750
2022-07-11T07:00+00:00Z,2022-07-11T07:30+00:00Z,10Y1001A1001A92E,MAW,800
2022-07-11T07:30+00:00Z,2022-07-11T08:00+00:00Z,10Y1001A1001A92E,MAW,835
2022-07-11T08:00+00:00Z,2022-07-11T08:30+00:00Z,10Y1001A1001A92E,MAW,855
2022-07-11T08:30+00:00Z,2022-07-11T09:00+00:00Z,10Y1001A1001A92E,MAW,870
2022-07-11T09:00+00:00Z,2022-07-11T09:30+00:00Z,10Y1001A1001A92E,MAW,871
2022-07-11T09:30+00:00Z,2022-07-11T10:00+00:00Z,10Y1001A1001A92E,MAW,878
2022-07-11T10:00+00:00Z,2022-07-11T10:30+00:00Z,10Y1001A1001A92E,MAW,879
2022-07-11T10:30+00:00Z,2022-07-11T11:00+00:00Z,10Y1001A1001A92E,MAW,864
2022-07-11T11:00+00:00Z,2022-07-11T11:30+00:00Z,10Y1001A1001A92E,MAW,860
2022-07-11T11:30+00:00Z,2022-07-11T12:00+00:00Z,10Y1001A1001A92E,MAW,862
2022-07-11T12:00+00:00Z,2022-07-11T12:30+00:00Z,10Y1001A1001A92E,MAW,832
2022-07-11T12:30+00:00Z,2022-07-11T13:00+00:00Z,10Y1001A1001A92E,MAW,817
2022-07-11T13:00+00:00Z,2022-07-11T13:30+00:00Z,10Y1001A1001A92E,MAW,786
2022-07-11T13:30+00:00Z,2022-07-11T14:00+00:00Z,10Y1001A1001A92E,MAW,793
2022-07-11T14:00+00:00Z,2022-07-11T14:30+00:00Z,10Y1001A1001A92E,MAW,796
2022-07-11T14:30+00:00Z,2022-07-11T15:00+00:00Z,10Y1001A1001A92E,MAW,810
2022-07-11T15:00+00:00Z,2022-07-11T15:30+00:00Z,10Y1001A1001A92E,MAW,841
2022-07-11T15:30+00:00Z,2022-07-11T16:00+00:00Z,10Y1001A1001A92E,MAW,885
2022-07-11T16:00+00:00Z,2022-07-11T16:30+00:00Z,10Y1001A1001A92E,MAW,901
2022-07-11T16:30+00:00Z,2022-07-11T17:00+00:00Z,10Y1001A1001A92E,MAW,889
2022-07-11T17:00+00:00Z,2022-07-11T17:30+00:00Z,10Y1001A1001A92E,MAW,864
2022-07-11T17:30+00:00Z,2022-07-11T18:00+00:00Z,10Y1001A1001A92E,MAW,830
2022-07-11T18:00+00:00Z,2022-07-11T18:30+00:00Z,10Y1001A1001A92E,MAW,802
2022-07-11T18:30+00:00Z,2022-07-11T19:00+00:00Z,10Y1001A1001A92E,MAW,783
2022-07-11T19:00+00:00Z,2022-07-11T19:30+00:00Z,10Y1001A1001A92E,MAW,762
2022-07-11T19:30+00:00Z,2022-07-11T20:00+00:00Z,10Y1001A1001A92E,MAW,762
2022-07-11T20:00+00:00Z,2022-07-11T20:30+00:00Z,10Y1001A1001A92E,MAW,737
2022-07-11T20:30+00:00Z,2022-07-11T21:00+00:00Z,10Y1001A1001A92E,MAW,730
2022-07-11T21:00+00:00Z,2022-07-11T21:30+00:00Z,10Y1001A1001A92E,MAW,720
2022-07-11T21:30+00:00Z,2022-07-11T22:00+00:00Z,10Y1001A1001A92E,MAW,691
2022-07-11T22:00+00:00Z,2022-07-11T22:30+00:00Z,10Y1001A1001A92E,MAW,648
2022-07-11T22:30+00:00Z,2022-07-11T23:00+00:00Z,10Y1001A1001A92E,MAW,590
2022-07-11T23:00+00:00Z,2022-07-11T23:30+00:00Z,10Y1001A1001A92E,MAW,567
2022-07-11T23:30+00:00Z,2022-07-12T00:00+00:00Z,10Y1001A1001A92E,MAW,533
2022-07-12T00:00+00:00Z,2022-07-12T00:30+00:00Z,10Y1001A1001A92E,MAW,511
2022-07-12T00:30+00:00Z,2022-07-12T01:00+00:00Z,10Y1001A1001A92E,MAW,502
2022-07-12T01:00+00:00Z,2022-07-12T01:30+00:00Z,10Y1001A1001A92E,MAW,502
2022-07-12T01:30+00:00Z,2022-07-12T02:00+00:00Z,10Y1001A1001A92E,MAW,491
2022-07-12T02:00+00:00Z,2022-07-12T02:30+00:00Z,10Y1001A1001A92E,MAW,484
2022-07-12T02:30+00:00Z,2022-07-12T03:00+00:00Z,10Y1001A1001A92E,MAW,473
2022-07-12T03:00+00:00Z,2022-07-12T03:30+00:00Z,10Y1001A1001A92E,MAW,465
2022-07-12T03:30+00:00Z,2022-07-12T04:00+00:00Z,10Y1001A1001A92E,MAW,461
2022-07-12T04:00+00:00Z,2022-07-12T04:30+00:00Z,10Y1001A1001A92E,MAW,465
2022-07-12T04:30+00:00Z,2022-07-12T05:00+00:00Z,10Y1001A1001A92E,MAW,491
2022-07-12T05:00+00:00Z,2022-07-12T05:30+00:00Z,10Y1001A1001A92E,MAW,524
2022-07-12T05:30+00:00Z,2022-07-12T06:00+00:00Z,10Y1001A1001A92E,MAW,566
2022-07-12T06:00+00:00Z,2022-07-12T06:30+00:00Z,10Y1001A1001A92E,MAW,605
2022-07-12T06:30+00:00Z,2022-07-12T07:00+00:00Z,10Y1001A1001A92E,MAW,643
2022-07-12T07:00+00:00Z,2022-07-12T07:30+00:00Z,10Y1001A1001A92E,MAW,682
2022-07-12T07:30+00:00Z,2022-07-12T08:00+00:00Z,10Y1001A1001A92E,MAW,717
2022-07-12T08:00+00:00Z,2022-07-12T08:30+00:00Z,10Y1001A1001A92E,MAW,737
2022-07-12T08:30+00:00Z,2022-07-12T09:00+00:00Z,10Y1001A1001A92E,MAW,756
2022-07-12T09:00+00:00Z,2022-07-12T09:30+00:00Z,10Y1001A1001A92E,MAW,772
2022-07-12T09:30+00:00Z,2022-07-12T10:00+00:00Z,10Y1001A1001A92E,MAW,794
2022-07-12T10:00+00:00Z,2022-07-12T10:30+00:00Z,10Y1001A1001A92E,MAW,792
2022-07-12T10:30+00:00Z,2022-07-12T11:00+00:00Z,10Y1001A1001A92E,MAW,803
2022-07-12T11:00+00:00Z,2022-07-12T11:30+00:00Z,10Y1001A1001A92E,MAW,814
2022-07-12T11:30+00:00Z,2022-07-12T12:00+00:00Z,10Y1001A1001A92E,MAW,811
2022-07-12T12:00+00:00Z,2022-07-12T12:30+00:00Z,10Y1001A1001A92E,MAW,803
2022-07-12T12:30+00:00Z,2022-07-12T13:00+00:00Z,10Y1001A1001A92E,MAW,794
2022-07-12T13:00+00:00Z,2022-07-12T13:30+00:00Z,10Y1001A1001A92E,MAW,782
2022-07-12T13:30+00:00Z,2022-07-12T14:00+00:00Z,10Y1001A1001A92E,MAW,778
2022-07-12T14:00+00:00Z,2022-07-12T14:30+00:00Z,10Y1001A1001A92E,MAW,766
2022-07-12T14:30+00:00Z,2022-07-12T15:00+00:00Z,10Y1001A1001A92E,MAW,774
2022-07-12T15:00+00:00Z,2022-07-12T15:30+00:00Z,10Y1001A1001A92E,MAW,798
2022-07-12T15:30+00:00Z,2022-07-12T16:00+00:00Z,10Y1001A1001A92E,MAW,826
2022-07-12T16:00+00:00Z,2022-07-12T16:30+00:00Z,10Y1001A1001A92E,MAW,837
2022-07-12T16:30+00:00Z,2022-07-12T17:00+00:00Z,10Y1001A1001A92E,MAW,834
2022-07-12T17:00+00:00Z,2022-07-12T17:30+00:00Z,10Y1001A1001A92E,MAW,805
2022-07-12T17:30+00:00Z,2022-07-12T18:00+00:00Z,10Y1001A1001A92E,MAW,787
2022-07-12T18:00+00:00Z,2022-07-12T18:30+00:00Z,10Y1001A1001A92E,MAW,766
2022-07-12T18:30+00:00Z,2022-07-12T19:00+00:00Z,10Y1001A1001A92E,MAW,745
2022-07-12T19:00+00:00Z,2022-07-12T19:30+00:00Z,10Y1001A1001A92E,MAW,734
2022-07-12T19:30+00:00Z,2022-07-12T20:00+00:00Z,10Y1001A1001A92E,MAW,718
2022-07-12T20:00+00:00Z,2022-07-12T20:30+00:00Z,10Y1001A1001A92E,MAW,707
2022-07-12T20:30+00:00Z,2022-07-12T21:00+00:00Z,10Y1001A1001A92E,MAW,697
2022-07-12T21:00+00:00Z,2022-07-12T21:30+00:00Z,10Y1001A1001A92E,MAW,701
2022-07-12T21:30+00:00Z,2022-07-12T22:00+00:00Z,10Y1001A1001A92E,MAW,672
2022-07-12T22:00+00:00Z,2022-07-12T22:30+00:00Z,10Y1001A1001A92E,MAW,630
2022-07-12T22:30+00:00Z,2022-07-12T23:00+00:00Z,10Y1001A1001A92E,MAW,598
2022-07-12T23:00+00:00Z,2022-07-12T23:30+00:00Z,10Y1001A1001A92E,MAW,565
2022-07-12T23:30+00:00Z,2022-07-13T00:00+00:00Z,10Y1001A1001A92E,MAW,544
2022-07-13T00:00+00:00Z,2022-07-13T00:30+00:00Z,10Y1001A1001A92E,MAW,533
2022-07-13T00:30+00:00Z,2022-07-13T01:00+00:00Z,10Y1001A1001A92E,MAW,525
2022-07-13T01:00+00:00Z,2022-07-13T01:30+00:00Z,10Y1001A1001A92E,MAW,521
2022-07-13T01:30+00:00Z,2022-07-13T02:00+00:00Z,10Y1001A1001A92E,MAW,514
2022-07-13T02:00+00:00Z,2022-07-13T02:30+00:00Z,10Y1001A1001A92E,MAW,509
2022-07-13T02:30+00:00Z,2022-07-13T03:00+00:00Z,10Y1001A1001A92E,MAW,499
2022-07-13T03:00+00:00Z,2022-07-13T03:30+00:00Z,10Y1001A1001A92E,MAW,497
2022-07-13T03:30+00:00Z,2022-07-13T04:00+00:00Z,10Y1001A1001A92E,MAW,480
2022-07-13T04:00+00:00Z,2022-07-13T04:30+00:00Z,10Y1001A1001A92E,MAW,492
2022-07-13T04:30+00:00Z,2022-07-13T05:00+00:00Z,10Y1001A1001A92E,MAW,526
2022-07-13T05:00+00:00Z,2022-07-13T05:30+00:00Z,10Y1001A1001A92E,MAW,567
2022-07-13T05:30+00:00Z,2022-07-13T06:00+00:00Z,10Y1001A1001A92E,MAW,613
2022-07-13T06:00+00:00Z,2022-07-13T06:30+00:00Z,10Y1001A1001A92E,MAW,655
2022-07-13T06:30+00:00Z,2022-07-13T07:00+00:00Z,10Y1001A1001A92E,MAW,702
2022-07-13T07:00+00:00Z,2022-07-13T07:30+00:00Z,10Y1001A1001A92E,MAW,743
2022-07-13T07:30+00:00Z,2022-07-13T08:00+00:00Z,10Y1001A1001A92E,MAW,777
2022-07-13T08:00+00:00Z,2022-07-13T08:30+00:00Z,10Y1001A1001A92E,MAW,774
2022-07-13T08:30+00:00Z,2022-07-13T09:00+00:00Z,10Y1001A1001A92E,MAW,779
2022-07-13T09:00+00:00Z,2022-07-13T09:30+00:00Z,10Y1001A1001A92E,MAW,777
2022-07-13T09:30+00:00Z,2022-07-13T10:00+00:00Z,10Y1001A1001A92E,MAW,781
2022-07-13T10:00+00:00Z,2022-07-13T10:30+00:00Z,10Y1001A1001A92E,MAW,790
2022-07-13T10:30+00:00Z,2022-07-13T11:00+00:00Z,10Y1001A1001A92E,MAW,794
2022-07-13T11:00+00:00Z,2022-07-13T11:30+00:00Z,10Y1001A1001A92E,MAW,803
2022-07-13T11:30+00:00Z,2022-07-13T12:00+00:00Z,10Y1001A1001A92E,MAW,806
2022-07-13T12:00+00:00Z,2022-07-13T12:30+00:00Z,10Y1001A1001A92E,MAW,781
2022-07-13T12:30+00:00Z,2022-07-13T13:00+00:00Z,10Y1001A1001A92E,MAW,779
2022-07-13T13:00+00:00Z,2022-07-13T13:30+00:00Z,10Y1001A1001A92E,MAW,767
2022-07-13T13:30+00:00Z,2022-07-13T14:00+00:00Z,10Y1001A1001A92E,MAW,768
2022-07-13T14:00+00:00Z,2022-07-13T14:30+00:00Z,10Y1001A1001A92E,MAW,764
2022-07-13T14:30+00:00Z,2022-07-13T15:00+00:00Z,10Y1001A1001A92E,MAW,781
2022-07-13T15:00+00:00Z,2022-07-13T15:30+00:00Z,10Y1001A1001A92E,MAW,828
2022-07-13T15:30+00:00Z,2022-07-13T16:00+00:00Z,10Y1001A1001A92E,MAW,869
2022-07-13T16:00+00:00Z,2022-07-13T16:30+00:00Z,10Y1001A1001A92E,MAW,899
2022-07-13T16:30+00:00Z,2022-07-13T17:00+00:00Z,10Y1001A1001A92E,MAW,887
2022-07-13T17:00+00:00Z,2022-07-13T17:30+00:00Z,10Y1001A1001A92E,MAW,856
2022-07-13T17:30+00:00Z,2022-07-13T18:00+00:00Z,10Y1001A1001A92E,MAW,839
2022-07-13T18:00+00:00Z,2022-07-13T18:30+00:00Z,10Y1001A1001A92E,MAW,821
2022-07-13T18:30+00:00Z,2022-07-13T19:00+00:00Z,10Y1001A1001A92E,MAW,809
2022-07-13T19:00+00:00Z,2022-07-13T19:30+00:00Z,10Y1001A1001A92E,MAW,800
2022-07-13T19:30+00:00Z,2022-07-13T20:00+00:00Z,10Y1001A1001A92E,MAW,791
2022-07-13T20:00+00:00Z,2022-07-13T20:30+00:00Z,10Y1001A1001A92E,MAW,765
2022-07-13T20:30+00:00Z,2022-07-13T21:00+00:00Z,10Y1001A1001A92E,MAW,745
2022-07-13T21:00+00:00Z,2022-07-13T21:30+00:00Z,10Y1001A1001A92E,MAW,746
2022-07-13T21:30+00:00Z,2022-07-13T22:00+00:00Z,10Y1001A1001A92E,MAW,710
2022-07-13T22:00+00:00Z,2022-07-13T22:30+00:00Z,10Y1001A1001A92E,MAW,662
2022-07-13T22:30+00:00Z,2022-07-13T23:00+00:00Z,10Y1001A1001A92E,MAW,618
2022-07-13T23:00+00:00Z,2022-07-13T23:30+00:00Z,10Y1001A1001A92E,MAW,586
2022-07-13T23:30+00:00Z,2022-07-14T00:00+00:00Z,10Y1001A1001A92E,MAW,560
2022-07-14T00:00+00:00Z,2022-07-14T00:30+00:00Z,10Y1001A1001A92E,MAW,547
2022-07-14T00:30+00:00Z,2022-07-14T01:00+00:00Z,10Y1001A1001A92E,MAW,539
2022-07-14T01:00+00:00Z,2022-07-14T01:30+00:00Z,10Y1001A1001A92E,MAW,535
2022-07-14T01:30+00:00Z,2022-07-14T02:00+00:00Z,10Y1001A1001A92E,MAW,525
2022-07-14T02:00+00:00Z,2022-07-14T02:30+00:00Z,10Y1001A1001A92E,MAW,522
2022-07-14T02:30+00:00Z,2022-07-14T03:00+00:00Z,10Y1001A1001A92E,MAW,520
2022-07-14T03:00+00:00Z,2022-07-14T03:30+00:00Z,10Y1001A1001A92E,MAW,522
2022-07-14T03:30+00:00Z,2022-07-14T04:00+00:00Z,10Y1001A1001A92E,MAW,509
2022-07-14T04:00+00:00Z,2022-07-14T04:30+00:00Z,10Y1001A1001A92E,MAW,518
2022-07-14T04:30+00:00Z,2022-07-14T05:00+00:00Z,10Y1001A1001A92E,MAW,548
2022-07-14T05:00+00:00Z,2022-07-14T05:30+00:00Z,10Y1001A1001A92E,MAW,592
2022-07-14T05:30+00:00Z,2022-07-14T06:00+00:00Z,10Y1001A1001A92E,MAW,640
2022-07-14T06:00+00:00Z,2022-07-14T06:30+00:00Z,10Y1001A1001A92E,MAW,715
2022-07-14T06:30+00:00Z,2022-07-14T07:00+00:00Z,10Y1001A1001A92E,MAW,768
2022-07-14T07:00+00:00Z,2022-07-14T07:30+00:00Z,10Y1001A1001A92E,MAW,809
2022-07-14T07:30+00:00Z,2022-07-14T08:00+00:00Z,10Y1001A1001A92E,MAW,845
2022-07-14T08:00+00:00Z,2022-07-14T08:30+00:00Z,10Y1001A1001A92E,MAW,864
2022-07-14T08:30+00:00Z,2022-07-14T09:00+00:00Z,10Y1001A1001A92E,MAW,865
2022-07-14T09:00+00:00Z,2022-07-14T09:30+00:00Z,10Y1001A1001A92E,MAW,878
2022-07-14T09:30+00:00Z,2022-07-14T10:00+00:00Z,10Y1001A1001A92E,MAW,882
2022-07-14T10:00+00:00Z,2022-07-14T10:30+00:00Z,10Y1001A1001A92E,MAW,882
2022-07-14T10:30+00:00Z,2022-07-14T11:00+00:00Z,10Y1001A1001A92E,MAW,878
2022-07-14T11:00+00:00Z,2022-07-14T11:30+00:00Z,10Y1001A1001A92E,MAW,872
2022-07-14T11:30+00:00Z,2022-07-14T12:00+00:00Z,10Y1001A1001A92E,MAW,860
2022-07-14T12:00+00:00Z,2022-07-14T12:30+00:00Z,10Y1001A1001A92E,MAW,852
2022-07-14T12:30+00:00Z,2022-07-14T13:00+00:00Z,10Y1001A1001A92E,MAW,835
2022-07-14T13:00+00:00Z,2022-07-14T13:30+00:00Z,10Y1001A1001A92E,MAW,833
2022-07-14T13:30+00:00Z,2022-07-14T14:00+00:00Z,10Y1001A1001A92E,MAW,829
2022-07-14T14:00+00:00Z,2022-07-14T14:30+00:00Z,10Y1001A1001A92E,MAW,834
2022-07-14T14:30+00:00Z,2022-07-14T15:00+00:00Z,10Y1001A1001A92E,MAW,843
2022-07-14T15:00+00:00Z,2022-07-14T15:30+00:00Z,10Y1001A1001A92E,MAW,876
2022-07-14T15:30+00:00Z,2022-07-14T16:00+00:00Z,10Y1001A1001A92E,MAW,921
2022-07-14T16:00+00:00Z,2022-07-14T16:30+00:00Z,10Y1001A1001A92E,MAW,953
2022-07-14T16:30+00:00Z,2022-07-14T17:00+00:00Z,10Y1001A1001A92E,MAW,950
2022-07-14T17:00+00:00Z,2022-07-14T17:30+00:00Z,10Y1001A1001A92E,MAW,918
2022-07-14T17:30+00:00Z,2022-07-14T18:00+00:00Z,10Y1001A1001A92E,MAW,896
2022-07-14T18:00+00:00Z,2022-07-14T18:30+00:00Z,10Y1001A1001A92E,MAW,871
2022-07-14T18:30+00:00Z,2022-07-14T19:00+00:00Z,10Y1001A1001A92E,MAW,854
2022-07-14T19:00+00:00Z,2022-07-14T19:30+00:00Z,10Y1001A1001A92E,MAW,845
2022-07-14T19:30+00:00Z,2022-07-14T20:00+00:00Z,10Y1001A1001A92E,MAW,836
2022-07-14T20:00+00:00Z,2022-07-14T20:30+00:00Z,10Y1001A1001A92E,MAW,804
2022-07-14T20:30+00:00Z,2022-07-14T21:00+00:00Z,10Y1001A1001A92E,MAW,792
2022-07-14T21:00+00:00Z,2022-07-14T21:30+00:00Z,10Y1001A1001A92E,MAW,783
2022-07-14T21:30+00:00Z,2022-07-14T22:00+00:00Z,10Y1001A1001A92E,MAW,742
2022-07-14T22:00+00:00Z,2022-07-14T22:30+00:00Z,10Y1001A1001A92E,MAW,687
2022-07-14T22:30+00:00Z,2022-07-14T23:00+00:00Z,10Y1001A1001A92E,MAW,640
2022-07-14T23:00+00:00Z,2022-07-14T23:30+00:00Z,10Y1001A1001A92E,MAW,607
2022-07-14T23:30+00:00Z,2022-07-15T00:00+00:00Z,10Y1001A1001A92E,MAW,580
2022-07-15T00:00+00:00Z,2022-07-15T00:30+00:00Z,10Y1001A1001A92E,MAW,559
2022-07-15T00:30+00:00Z,2022-07-15T01:00+00:00Z,10Y1001A1001A92E,MAW,547
2022-07-15T01:00+00:00Z,2022-07-15T01:30+00:00Z,10Y1001A1001A92E,MAW,536
2022-07-15T01:30+00:00Z,2022-07-15T02:00+00:00Z,10Y1001A1001A92E,MAW,519
2022-07-15T02:00+00:00Z,2022-07-15T02:30+00:00Z,10Y1001A1001A92E,MAW,518
2022-07-15T02:30+00:00Z,2022-07-15T03:00+00:00Z,10Y1001A1001A92E,MAW,503
2022-07-15T03:00+00:00Z,2022-07-15T03:30+00:00Z,10Y1001A1001A92E,MAW,510
2022-07-15T03:30+00:00Z,2022-07-15T04:00+00:00Z,10Y1001A1001A92E,MAW,498
2022-07-15T04:00+00:00Z,2022-07-15T04:30+00:00Z,10Y1001A1001A92E,MAW,497
2022-07-15T04:30+00:00Z,2022-07-15T05:00+00:00Z,10Y1001A1001A92E,MAW,532
2022-07-15T05:00+00:00Z,2022-07-15T05:30+00:00Z,10Y1001A1001A92E,MAW,584
2022-07-15T05:30+00:00Z,2022-07-15T06:00+00:00Z,10Y1001A1001A92E,MAW,628
2022-07-15T06:00+00:00Z,2022-07-15T06:30+00:00Z,10Y1001A1001A92E,MAW,691
2022-07-15T06:30+00:00Z,2022-07-15T07:00+00:00Z,10Y1001A1001A92E,MAW,734
2022-07-15T07:00+00:00Z,2022-07-15T07:30+00:00Z,10Y1001A1001A92E,MAW,790
2022-07-15T07:30+00:00Z,2022-07-15T08:00+00:00Z,10Y1001A1001A92E,MAW,826
2022-07-15T08:00+00:00Z,2022-07-15T08:30+00:00Z,10Y1001A1001A92E,MAW,857
2022-07-15T08:30+00:00Z,2022-07-15T09:00+00:00Z,10Y1001A1001A92E,MAW,858
2022-07-15T09:00+00:00Z,2022-07-15T09:30+00:00Z,10Y1001A1001A92E,MAW,870
2022-07-15T09:30+00:00Z,2022-07-15T10:00+00:00Z,10Y1001A1001A92E,MAW,884
2022-07-15T10:00+00:00Z,2022-07-15T10:30+00:00Z,10Y1001A1001A92E,MAW,889
2022-07-15T10:30+00:00Z,2022-07-15T11:00+00:00Z,10Y1001A1001A92E,MAW,894
2022-07-15T11:00+00:00Z,2022-07-15T11:30+00:00Z,10Y1001A1001A92E,MAW,902
2022-07-15T11:30+00:00Z,2022-07-15T12:00+00:00Z,10Y1001A1001A92E,MAW,905
2022-07-15T12:00+00:00Z,2022-07-15T12:30+00:00Z,10Y1001A1001A92E,MAW,897
2022-07-15T12:30+00:00Z,2022-07-15T13:00+00:00Z,10Y1001A1001A92E,MAW,865
2022-07-15T13:00+00:00Z,2022-07-15T13:30+00:00Z,10Y1001A1001A92E,MAW,858
2022-07-15T13:30+00:00Z,2022-07-15T14:00+00:00Z,10Y1001A1001A92E,MAW,852
2022-07-15T14:00+00:00Z,2022-07-15T14:30+00:00Z,10Y1001A1001A92E,MAW,843
2022-07-15T14:30+00:00Z,2022-07-15T15:00+00:00Z,10Y1001A1001A92E,MAW,858
2022-07-15T15:00+00:00Z,2022-07-15T15:30+00:00Z,10Y1001A1001A92E,MAW,885
2022-07-15T15:30+00:00Z,2022-07-15T16:00+00:00Z,10Y1001A1001A92E,MAW,907
2022-07-15T16:00+00:00Z,2022-07-15T16:30+00:00Z,10Y1001A1001A92E,MAW,928
2022-07-15T16:30+00:00Z,2022-07-15T17:00+00:00Z,10Y1001A1001A92E,MAW,922
2022-07-15T17:00+00:00Z,2022-07-15T17:30+00:00Z,10Y1001A1001A92E,MAW,907
2022-07-15T17:30+00:00Z,2022-07-15T18:00+00:00Z,10Y1001A1001A92E,MAW,877
2022-07-15T18:00+00:00Z,2022-07-15T18:30+00:00Z,10Y1001A1001A92E,MAW,855
2022-07-15T18:30+00:00Z,2022-07-15T19:00+00:00Z,10Y1001A1001A92E,MAW,832
2022-07-15T19:00+00:00Z,2022-07-15T19:30+00:00Z,10Y1001A1001A92E,MAW,817
2022-07-15T19:30+00:00Z,2022-07-15T20:00+00:00Z,10Y1001A1001A92E,MAW,806
2022-07-15T20:00+00:00Z,2022-07-15T20:30+00:00Z,10Y1001A1001A92E,MAW,777
2022-07-15T20:30+00:00Z,2022-07-15T21:00+00:00Z,10Y1001A1001A92E,MAW,765
2022-07-15T21:00+00:00Z,2022-07-15T21:30+00:00Z,10Y1001A1001A92E,MAW,765
2022-07-15T21:30+00:00Z,2022-07-15T22:00+00:00Z,10Y1001A1001A92E,MAW,724
2022-07-15T22:00+00:00Z,2022-07-15T22:30+00:00Z,10Y1001A1001A92E,MAW,687
2022-07-15T22:30+00:00Z,2022-07-15T23:00+00:00Z,10Y1001A1001A92E,MAW,644
2022-07-15T23:00+00:00Z,2022-07-15T23:30+00:00Z,10Y1001A1001A92E,MAW,617
2022-07-15T23:30+00:00Z,2022-07-16T00:00+00:00Z,10Y1001A1001A92E,MAW,602
2022-07-16T00:00+00:00Z,2022-07-16T00:30+00:00Z,10Y1001A1001A92E,MAW,581
2022-07-16T00:30+00:00Z,2022-07-16T01:00+00:00Z,10Y1001A1001A92E,MAW,566
2022-07-16T01:00+00:00Z,2022-07-16T01:30+00:00Z,10Y1001A1001A92E,MAW,563
2022-07-16T01:30+00:00Z,2022-07-16T02:00+00:00Z,10Y1001A1001A92E,MAW,553
2022-07-16T02:00+00:00Z,2022-07-16T02:30+00:00Z,10Y1001A1001A92E,MAW,545
2022-07-16T02:30+00:00Z,2022-07-16T03:00+00:00Z,10Y1001A1001A92E,MAW,540
2022-07-16T03:00+00:00Z,2022-07-16T03:30+00:00Z,10Y1001A1001A92E,MAW,541
2022-07-16T03:30+00:00Z,2022-07-16T04:00+00:00Z,10Y1001A1001A92E,MAW,513
2022-07-16T04:00+00:00Z,2022-07-16T04:30+00:00Z,10Y1001A1001A92E,MAW,522
2022-07-16T04:30+00:00Z,2022-07-16T05:00+00:00Z,10Y1001A1001A92E,MAW,540
2022-07-16T05:00+00:00Z,2022-07-16T05:30+00:00Z,10Y1001A1001A92E,MAW,562
2022-07-16T05:30+00:00Z,2022-07-16T06:00+00:00Z,10Y1001A1001A92E,MAW,598
2022-07-16T06:00+00:00Z,2022-07-16T06:30+00:00Z,10Y1001A1001A92E,MAW,640
2022-07-16T06:30+00:00Z,2022-07-16T07:00+00:00Z,10Y1001A1001A92E,MAW,690
2022-07-16T07:00+00:00Z,2022-07-16T07:30+00:00Z,10Y1001A1001A92E,MAW,728
2022-07-16T07:30+00:00Z,2022-07-16T08:00+00:00Z,10Y1001A1001A92E,MAW,766
2022-07-16T08:00+00:00Z,2022-07-16T08:30+00:00Z,10Y1001A1001A92E,MAW,791
2022-07-16T08:30+00:00Z,2022-07-16T09:00+00:00Z,10Y1001A1001A92E,MAW,788
2022-07-16T09:00+00:00Z,2022-07-16T09:30+00:00Z,10Y1001A1001A92E,MAW,807
2022-07-16T09:30+00:00Z,2022-07-16T10:00+00:00Z,10Y1001A1001A92E,MAW,808
2022-07-16T10:00+00:00Z,2022-07-16T10:30+00:00Z,10Y1001A1001A92E,MAW,798
2022-07-16T10:30+00:00Z,2022-07-16T11:00+00:00Z,10Y1001A1001A92E,MAW,790
2022-07-16T11:00+00:00Z,2022-07-16T11:30+00:00Z,10Y1001A1001A92E,MAW,790
2022-07-16T11:30+00:00Z,2022-07-16T12:00+00:00Z,10Y1001A1001A92E,MAW,791
2022-07-16T12:00+00:00Z,2022-07-16T12:30+00:00Z,10Y1001A1001A92E,MAW,790
2022-07-16T12:30+00:00Z,2022-07-16T13:00+00:00Z,10Y1001A1001A92E,MAW,784
2022-07-16T13:00+00:00Z,2022-07-16T13:30+00:00Z,10Y1001A1001A92E,MAW,782
2022-07-16T13:30+00:00Z,2022-07-16T14:00+00:00Z,10Y1001A1001A92E,MAW,779
2022-07-16T14:00+00:00Z,2022-07-16T14:30+00:00Z,10Y1001A1001A92E,MAW,784
2022-07-16T14:30+00:00Z,2022-07-16T15:00+00:00Z,10Y1001A1001A92E,MAW,801
2022-07-16T15:00+00:00Z,2022-07-16T15:30+00:00Z,10Y1001A1001A92E,MAW,823
2022-07-16T15:30+00:00Z,2022-07-16T16:00+00:00Z,10Y1001A1001A92E,MAW,863
2022-07-16T16:00+00:00Z,2022-07-16T16:30+00:00Z,10Y1001A1001A92E,MAW,889
2022-07-16T16:30+00:00Z,2022-07-16T17:00+00:00Z,10Y1001A1001A92E,MAW,892
2022-07-16T17:00+00:00Z,2022-07-16T17:30+00:00Z,10Y1001A1001A92E,MAW,865
2022-07-16T17:30+00:00Z,2022-07-16T18:00+00:00Z,10Y1001A1001A92E,MAW,840
2022-07-16T18:00+00:00Z,2022-07-16T18:30+00:00Z,10Y1001A1001A92E,MAW,817
2022-07-16T18:30+00:00Z,2022-07-16T19:00+00:00Z,10Y1001A1001A92E,MAW,793
2022-07-16T19:00+00:00Z,2022-07-16T19:30+00:00Z,10Y1001A1001A92E,MAW,771
2022-07-16T19:30+00:00Z,2022-07-16T20:00+00:00Z,10Y1001A1001A92E,MAW,749
2022-07-16T20:00+00:00Z,2022-07-16T20:30+00:00Z,10Y1001A1001A92E,MAW,727
2022-07-16T20:30+00:00Z,2022-07-16T21:00+00:00Z,10Y1001A1001A92E,MAW,722
2022-07-16T21:00+00:00Z,2022-07-16T21:30+00:00Z,10Y1001A1001A92E,MAW,710
2022-07-16T21:30+00:00Z,2022-07-16T22:00+00:00Z,10Y1001A1001A92E,MAW,678
2022-07-16T22:00+00:00Z,2022-07-16T22:30+00:00Z,10Y1001A1001A92E,MAW,640
2022-07-16T22:30+00:00Z,2022-07-16T23:00+00:00Z,10Y1001A1001A92E,MAW,606
2022-07-16T23:00+00:00Z,2022-07-16T23:30+00:00Z,10Y1001A1001A92E,MAW,574
2022-07-16T23:30+00:00Z,2022-07-17T00:00+00:00Z,10Y1001A1001A92E,MAW,552
2022-07-17T00:00+00:00Z,2022-07-17T00:30+00:00Z,10Y1001A1001A92E,MAW,536
2022-07-17T00:30+00:00Z,2022-07-17T01:00+00:00Z,10Y1001A1001A92E,MAW,535
2022-07-17T01:00+00:00Z,2022-07-17T01:30+00:00Z,10Y1001A1001A92E,MAW,532
2022-07-17T01:30+00:00Z,2022-07-17T02:00+00:00Z,10Y1001A1001A92E,MAW,520
2022-07-17T02:00+00:00Z,2022-07-17T02:30+00:00Z,10Y1001A1001A92E,MAW,512
2022-07-17T02:30+00:00Z,2022-07-17T03:00+00:00Z,10Y1001A1001A92E,MAW,515
2022-07-17T03:00+00:00Z,2022-07-17T03:30+00:00Z,10Y1001A1001A92E,MAW,509
2022-07-17T03:30+00:00Z,2022-07-17T04:00+00:00Z,10Y1001A1001A92E,MAW,494
2022-07-17T04:00+00:00Z,2022-07-17T04:30+00:00Z,10Y1001A1001A92E,MAW,490
2022-07-17T04:30+00:00Z,2022-07-17T05:00+00:00Z,10Y1001A1001A92E,MAW,495
2022-07-17T05:00+00:00Z,2022-07-17T05:30+00:00Z,10Y1001A1001A92E,MAW,503
2022-07-17T05:30+00:00Z,2022-07-17T06:00+00:00Z,10Y1001A1001A92E,MAW,530
2022-07-17T06:00+00:00Z,2022-07-17T06:30+00:00Z,10Y1001A1001A92E,MAW,561
2022-07-17T06:30+00:00Z,2022-07-17T07:00+00:00Z,10Y1001A1001A92E,MAW,593
2022-07-17T07:00+00:00Z,2022-07-17T07:30+00:00Z,10Y1001A1001A92E,MAW,639
2022-07-17T07:30+00:00Z,2022-07-17T08:00+00:00Z,10Y1001A1001A92E,MAW,664
2022-07-17T08:00+00:00Z,2022-07-17T08:30+00:00Z,10Y1001A1001A92E,MAW,696
2022-07-17T08:30+00:00Z,2022-07-17T09:00+00:00Z,10Y1001A1001A92E,MAW,723
2022-07-17T09:00+00:00Z,2022-07-17T09:30+00:00Z,10Y1001A1001A92E,MAW,740
2022-07-17T09:30+00:00Z,2022-07-17T10:00+00:00Z,10Y1001A1001A92E,MAW,737
2022-07-17T10:00+00:00Z,2022-07-17T10:30+00:00Z,10Y1001A1001A92E,MAW,738
2022-07-17T10:30+00:00Z,2022-07-17T11:00+00:00Z,10Y1001A1001A92E,MAW,752
2022-07-17T11:00+00:00Z,2022-07-17T11:30+00:00Z,10Y1001A1001A92E,MAW,763
2022-07-17T11:30+00:00Z,2022-07-17T12:00+00:00Z,10Y1001A1001A92E,MAW,769
2022-07-17T12:00+00:00Z,2022-07-17T12:30+00:00Z,10Y1001A1001A92E,MAW,749
2022-07-17T12:30+00:00Z,2022-07-17T13:00+00:00Z,10Y1001A1001A92E,MAW,728
2022-07-17T13:00+00:00Z,2022-07-17T13:30+00:00Z,10Y1001A1001A92E,MAW,704
2022-07-17T13:30+00:00Z,2022-07-17T14:00+00:00Z,10Y1001A1001A92E,MAW,708
2022-07-17T14:00+00:00Z,2022-07-17T14:30+00:00Z,10Y1001A1001A92E,MAW,707
2022-07-17T14:30+00:00Z,2022-07-17T15:00+00:00Z,10Y1001A1001A92E,MAW,722
2022-07-17T15:00+00:00Z,2022-07-17T15:30+00:00Z,10Y1001A1001A92E,MAW,745
2022-07-17T15:30+00:00Z,2022-07-17T16:00+00:00Z,10Y1001A1001A92E,MAW,789
2022-07-17T16:00+00:00Z,2022-07-17T16:30+00:00Z,10Y1001A1001A92E,MAW,823
2022-07-17T16:30+00:00Z,2022-07-17T17:00+00:00Z,10Y1001A1001A92E,MAW,838
2022-07-17T17:00+00:00Z,2022-07-17T17:30+00:00Z,10Y1001A1001A92E,MAW,827
2022-07-17T17:30+00:00Z,2022-07-17T18:00+00:00Z,10Y1001A1001A92E,MAW,811
2022-07-17T18:00+00:00Z,2022-07-17T18:30+00:00Z,10Y1001A1001A92E,MAW,804
2022-07-17T18:30+00:00Z,2022-07-17T19:00+00:00Z,10Y1001A1001A92E,MAW,789
2022-07-17T19:00+00:00Z,2022-07-17T19:30+00:00Z,10Y1001A1001A92E,MAW,786
2022-07-17T20:30+00:00Z,2022-07-17T21:00+00:00Z,10Y1001A1001A92E,MAW,759
2022-07-17T21:00+00:00Z,2022-07-17T21:30+00:00Z,10Y1001A1001A92E,MAW,756
2022-07-17T21:30+00:00Z,2022-07-17T22:00+00:00Z,10Y1001A1001A92E,MAW,713
2022-07-17T22:00+00:00Z,2022-07-17T22:30+00:00Z,10Y1001A1001A92E,MAW,670
2023-02-21T23:30+00:00Z,2023-02-22T00:00+00:00Z,10Y1001A1001A92E,MAW,767
2023-02-22T00:00+00:00Z,2023-02-22T00:30+00:00Z,10Y1001A1001A92E,MAW,726
2023-02-22T00:30+00:00Z,2023-02-22T01:00+00:00Z,10Y1001A1001A92E,MAW,678
2023-02-22T01:00+00:00Z,2023-02-22T01:30+00:00Z,10Y1001A1001A92E,MAW,648
2023-02-22T01:30+00:00Z,2023-02-22T02:00+00:00Z,10Y1001A1001A92E,MAW,632
2023-02-22T02:00+00:00Z,2023-02-22T02:30+00:00Z,10Y1001A1001A92E,MAW,663
2023-02-22T02:30+00:00Z,2023-02-22T03:00+00:00Z,10Y1001A1001A92E,MAW,639
2023-02-22T03:00+00:00Z,2023-02-22T03:30+00:00Z,10Y1001A1001A92E,MAW,624
2023-02-22T03:30+00:00Z,2023-02-22T04:00+00:00Z,10Y1001A1001A92E,MAW,609
2023-02-22T04:00+00:00Z,2023-02-22T04:30+00:00Z,10Y1001A1001A92E,MAW,601
2023-02-22T04:30+00:00Z,2023-02-22T05:00+00:00Z,10Y1001A1001A92E,MAW,589
2023-02-22T05:00+00:00Z,2023-02-22T05:30+00:00Z,10Y1001A1001A92E,MAW,581
2023-02-22T05:30+00:00Z,2023-02-22T06:00+00:00Z,10Y1001A1001A92E,MAW,601
2023-02-22T06:00+00:00Z,2023-02-22T06:30+00:00Z,10Y1001A1001A92E,MAW,616
2023-02-22T06:30+00:00Z,2023-02-22T07:00+00:00Z,10Y1001A1001A92E,MAW,678
2023-02-22T07:00+00:00Z,2023-02-22T07:30+00:00Z,10Y1001A1001A92E,MAW,768
2023-02-22T07:30+00:00Z,2023-02-22T08:00+00:00Z,10Y1001A1001A92E,MAW,875
2023-02-22T08:00+00:00Z,2023-02-22T08:30+00:00Z,10Y1001A1001A92E,MAW,985
2023-02-22T08:30+00:00Z,2023-02-22T09:00+00:00Z,10Y1001A1001A92E,MAW,1060
2023-02-22T09:00+00:00Z,2023-02-22T09:30+00:00Z,10Y1001A1001A92E,MAW,1181
2023-02-22T09:30+00:00Z,2023-02-22T10:00+00:00Z,10Y1001A1001A92E,MAW,1115
2023-02-22T10:00+00:00Z,2023-02-22T10:30+00:00Z,10Y1001A1001A92E,MAW,1140
2023-02-22T10:30+00:00Z,2023-02-22T11:00+00:00Z,10Y1001A1001A92E,MAW,1132
2023-02-22T11:00+00:00Z,2023-02-22T11:30+00:00Z,10Y1001A1001A92E,MAW,1119
2023-02-22T11:30+00:00Z,2023-02-22T12:00+00:00Z,10Y1001A1001A92E,MAW,1117
2023-02-22T12:00+00:00Z,2023-02-22T12:30+00:00Z,10Y1001A1001A92E,MAW,1102
2023-02-22T12:30+00:00Z,2023-02-22T13:00+00:00Z,10Y1001A1001A92E,MAW,1084
2023-02-22T13:00+00:00Z,2023-02-22T13:30+00:00Z,10Y1001A1001A92E,MAW,1076
2023-02-22T13:30+00:00Z,2023-02-22T14:00+00:00Z,10Y1001A1001A92E,MAW,1051
2023-02-22T14:00+00:00Z,2023-02-22T14:30+00:00Z,10Y1001A1001A92E,MAW,1008
2023-02-22T14:30+00:00Z,2023-02-22T15:00+00:00Z,10Y1001A1001A92E,MAW,982
2023-02-22T15:00+00:00Z,2023-02-22T15:30+00:00Z,10Y1001A1001A92E,MAW,998
2023-02-22T15:30+00:00Z,2023-02-22T16:00+00:00Z,10Y1001A1001A92E,MAW,988
2023-02-22T16:00+00:00Z,2023-02-22T16:30+00:00Z,10Y1001A1001A92E,MAW,1019
2023-02-22T16:30+00:00Z,2023-02-22T17:00+00:00Z,10Y1001A1001A92E,MAW,1040
2023-02-22T17:00+00:00Z,2023-02-22T17:30+00:00Z,10Y1001A1001A92E,MAW,1092
2023-02-22T17:30+00:00Z,2023-02-22T18:00+00:00Z,10Y1001A1001A92E,MAW,1140
2023-02-22T18:00+00:00Z,2023-02-22T18:30+00:00Z,10Y1001A1001A92E,MAW,1186
2023-02-22T18:30+00:00Z,2023-02-22T19:00+00:00Z,10Y1001A1001A92E,MAW,1202
2023-02-22T19:00+00:00Z,2023-02-22T19:30+00:00Z,10Y1001A1001A92E,MAW,1189
2023-02-22T19:30+00:00Z,2023-02-22T20:00+00:00Z,10Y1001A1001A92E,MAW,1156
2023-02-22T20:00+00:00Z,2023-02-22T20:30+00:00Z,10Y1001A1001A92E,MAW,1116
2023-02-22T20:30+00:00Z,2023-02-22T21:00+00:00Z,10Y1001A1001A92E,MAW,1082
2023-02-22T21:00+00:00Z,2023-02-22T21:30+00:00Z,10Y1001A1001A92E,MAW,1048
2023-02-22T21:30+00:00Z,2023-02-22T22:00+00:00Z,10Y1001A1001A92E,MAW,1008
2023-02-22T22:00+00:00Z,2023-02-22T22:30+00:00Z,10Y1001A1001A92E,MAW,950
2023-02-22T22:30+00:00Z,2023-02-22T23:00+00:00Z,10Y1001A1001A92E,MAW,900
2023-02-22T23:00+00:00Z,2023-02-22T23:30+00:00Z,10Y1001A1001A92E,MAW,839
2023-02-22T23:30+00:00Z,2023-02-23T00:00+00:00Z,10Y1001A1001A92E,MAW,774
2023-02-23T00:00+00:00Z,2023-02-23T00:30+00:00Z,10Y1001A1001A92E,MAW,723
2023-02-23T00:30+00:00Z,2023-02-23T01:00+00:00Z,10Y1001A1001A92E,MAW,686
2023-02-23T01:00+00:00Z,2023-02-23T01:30+00:00Z,10Y1001A1001A92E,MAW,661
2023-02-23T01:30+00:00Z,2023-02-23T02:00+00:00Z,10Y1001A1001A92E,MAW,643
2023-02-23T02:00+00:00Z,2023-02-23T02:30+00:00Z,10Y1001A1001A92E,MAW,662
2023-02-23T02:30+00:00Z,2023-02-23T03:00+00:00Z,10Y1001A1001A92E,MAW,654
2023-02-23T03:00+00:00Z,2023-02-23T03:30+00:00Z,10Y1001A1001A92E,MAW,648
2023-02-23T03:30+00:00Z,2023-02-23T04:00+00:00Z,10Y1001A1001A92E,MAW,632
2023-02-23T04:00+00:00Z,2023-02-23T04:30+00:00Z,10Y1001A1001A92E,MAW,629
2023-02-23T04:30+00:00Z,2023-02-23T05:00+00:00Z,10Y1001A1001A92E,MAW,628
2023-02-23T05:00+00:00Z,2023-02-23T05:30+00:00Z,10Y1001A1001A92E,MAW,633
2023-02-23T06:30+00:00Z,2023-02-23T07:00+00:00Z,10Y1001A1001A92E,MAW,723
2023-02-23T07:00+00:00Z,2023-02-23T07:30+00:00Z,10Y1001A1001A92E,MAW,813
2023-02-23T07:30+00:00Z,2023-02-23T08:00+00:00Z,10Y1001A1001A92E,MAW,931
2023-02-23T08:00+00:00Z,2023-02-23T08:30+00:00Z,10Y1001A1001A92E,MAW,1037
2023-02-23T08:30+00:00Z,2023-02-23T09:00+00:00Z,10Y1001A1001A92E,MAW,1108
2023-02-23T09:00+00:00Z,2023-02-23T09:30+00:00Z,10Y1001A1001A92E,MAW,1136
2023-02-23T09:30+00:00Z,2023-02-23T10:00+00:00Z,10Y1001A1001A92E,MAW,1146
2023-02-23T10:00+00:00Z,2023-02-23T10:30+00:00Z,10Y1001A1001A92E,MAW,1257
2023-02-23T10:30+00:00Z,2023-02-23T11:00+00:00Z,10Y1001A1001A92E,MAW,1161
2023-02-23T11:00+00:00Z,2023-02-23T11:30+00:00Z,10Y1001A1001A92E,MAW,1140
2023-02-23T11:30+00:00Z,2023-02-23T12:00+00:00Z,10Y1001A1001A92E,MAW,1134
2023-02-23T12:00+00:00Z,2023-02-23T12:30+00:00Z,10Y1001A1001A92E,MAW,1117
2023-02-23T12:30+00:00Z,2023-02-23T13:00+00:00Z,10Y1001A1001A92E,MAW,1104
2023-02-23T13:00+00:00Z,2023-02-23T13:30+00:00Z,10Y1001A1001A92E,MAW,1114
2023-02-23T13:30+00:00Z,2023-02-23T14:00+00:00Z,10Y1001A1001A92E,MAW,1113
2023-02-23T14:00+00:00Z,2023-02-23T14:30+00:00Z,10Y1001A1001A92E,MAW,1098
2023-02-23T14:30+00:00Z,2023-02-23T15:00+00:00Z,10Y1001A1001A92E,MAW,1095
2023-02-23T15:00+00:00Z,2023-02-23T15:30+00:00Z,10Y1001A1001A92E,MAW,1096
2023-02-23T15:30+00:00Z,2023-02-23T16:00+00:00Z,10Y1001A1001A92E,MAW,1095
2023-02-23T16:00+00:00Z,2023-02-23T16:30+00:00Z,10Y1001A1001A92E,MAW,1105
2023-02-23T16:30+00:00Z,2023-02-23T17:00+00:00Z,10Y1001A1001A92E,MAW,1128
2023-02-23T17:00+00:00Z,2023-02-23T17:30+00:00Z,10Y1001A1001A92E,MAW,1174
2023-02-23T17:30+00:00Z,2023-02-23T18:00+00:00Z,10Y1001A1001A92E,MAW,1226
2023-02-23T18:00+00:00Z,2023-02-23T18:30+00:00Z,10Y1001A1001A92E,MAW,1252
2023-02-23T18:30+00:00Z,2023-02-23T19:00+00:00Z,10Y1001A1001A92E,MAW,1268
2023-02-23T19:00+00:00Z,2023-02-23T19:30+00:00Z,10Y1001A1001A92E,MAW,1251
2023-02-23T19:30+00:00Z,2023-02-23T20:00+00:00Z,10Y1001A1001A92E,MAW,1210
2023-02-23T20:00+00:00Z,2023-02-23T20:30+00:00Z,10Y1001A1001A92E,MAW,1180
2023-02-23T20:30+00:00Z,2023-02-23T21:00+00:00Z,10Y1001A1001A92E,MAW,1139
2023-02-23T21:00+00:00Z,2023-02-23T21:30+00:00Z,10Y1001A1001A92E,MAW,1091
2023-02-23T21:30+00:00Z,2023-02-23T22:00+00:00Z,10Y1001A1001A92E,MAW,1054
2023-02-23T22:00+00:00Z,2023-02-23T22:30+00:00Z,10Y1001A1001A92E,MAW,982
2023-02-23T22:30+00:00Z,2023-02-23T23:00+00:00Z,10Y1001A1001A92E,MAW,929
2023-02-23T23:00+00:00Z,2023-02-23T23:30+00:00Z,10Y1001A1001A92E,MAW,861
2023-02-23T23:30+00:00Z,2023-02-24T00:00+00:00Z,10Y1001A1001A92E,MAW,787
2023-02-24T00:00+00:00Z,2023-02-24T00:30+00:00Z,10Y1001A1001A92E,MAW,734
2023-02-24T00:30+00:00Z,2023-02-24T01:00+00:00Z,10Y1001A1001A92E,MAW,677
2023-02-24T01:00+00:00Z,2023-02-24T01:30+00:00Z,10Y1001A1001A92E,MAW,655
2023-02-24T01:30+00:00Z,2023-02-24T02:00+00:00Z,10Y1001A1001A92E,MAW,636
2023-02-24T02:00+00:00Z,2023-02-24T02:30+00:00Z,10Y1001A1001A92E,MAW,650
2023-02-24T02:30+00:00Z,2023-02-24T03:00+00:00Z,10Y1001A1001A92E,MAW,614
2023-02-24T03:00+00:00Z,2023-02-24T03:30+00:00Z,10Y1001A1001A92E,MAW,594
2023-02-24T03:30+00:00Z,2023-02-24T04:00+00:00Z,10Y1001A1001A92E,MAW,584
2023-02-24T04:00+00:00Z,2023-02-24T04:30+00:00Z,10Y1001A1001A92E,MAW,576
2023-02-24T04:30+00:00Z,2023-02-24T05:00+00:00Z,10Y1001A1001A92E,MAW,555
2023-02-24T05:00+00:00Z,2023-02-24T05:30+00:00Z,10Y1001A1001A92E,MAW,572
2023-02-24T05:30+00:00Z,2023-02-24T06:00+00:00Z,10Y1001A1001A92E,MAW,584
2023-02-24T06:00+00:00Z,2023-02-24T06:30+00:00Z,10Y1001A1001A92E,MAW,608
2023-02-24T06:30+00:00Z,2023-02-24T07:00+00:00Z,10Y1001A1001A92E,MAW,649
2023-02-24T07:00+00:00Z,2023-02-24T07:30+00:00Z,10Y1001A1001A92E,MAW,746
2023-02-24T07:30+00:00Z,2023-02-24T08:00+00:00Z,10Y1001A1001A92E,MAW,825
2023-02-24T08:00+00:00Z,2023-02-24T08:30+00:00Z,10Y1001A1001A92E,MAW,934
2023-02-24T08:30+00:00Z,2023-02-24T09:00+00:00Z,10Y1001A1001A92E,MAW,995
2023-02-24T09:00+00:00Z,2023-02-24T09:30+00:00Z,10Y1001A1001A92E,MAW,1021
2023-02-24T09:30+00:00Z,2023-02-24T10:00+00:00Z,10Y1001A1001A92E,MAW,1056
2023-02-24T10:00+00:00Z,2023-02-24T10:30+00:00Z,10Y1001A1001A92E,MAW,1065
2023-02-24T10:30+00:00Z,2023-02-24T11:00+00:00Z,10Y1001A1001A92E,MAW,1056
2023-02-24T11:00+00:00Z,2023-02-24T11:30+00:00Z,10Y1001A1001A92E,MAW,1040
2023-02-24T11:30+00:00Z,2023-02-24T12:00+00:00Z,10Y1001A1001A92E,MAW,1049
2023-02-24T12:00+00:00Z,2023-02-24T12:30+00:00Z,10Y1001A1001A92E,MAW,1031
2023-02-24T12:30+00:00Z,2023-02-24T13:00+00:00Z,10Y1001A1001A92E,MAW,1007
2023-02-24T13:00+00:00Z,2023-02-24T13:30+00:00Z,10Y1001A1001A92E,MAW,1018
2023-02-24T13:30+00:00Z,2023-02-24T14:00+00:00Z,10Y1001A1001A92E,MAW,973
2023-02-24T14:00+00:00Z,2023-02-24T14:30+00:00Z,10Y1001A1001A92E,MAW,941
2023-02-24T14:30+00:00Z,2023-02-24T15:00+00:00Z,10Y1001A1001A92E,MAW,927
2023-02-24T15:00+00:00Z,2023-02-24T15:30+00:00Z,10Y1001A1001A92E,MAW,896
2023-02-24T15:30+00:00Z,2023-02-24T16:00+00:00Z,10Y1001A1001A92E,MAW,894
2023-02-24T16:00+00:00Z,2023-02-24T16:30+00:00Z,10Y1001A1001A92E,MAW,912
2023-02-24T16:30+00:00Z,2023-02-24T17:00+00:00Z,10Y1001A1001A92E,MAW,935
2023-02-24T17:00+00:00Z,2023-02-24T17:30+00:00Z,10Y1001A1001A92E,MAW,970
2023-02-24T17:30+00:00Z,2023-02-24T18:00+00:00Z,10Y1001A1001A92E,MAW,1043
2023-02-24T18:00+00:00Z,2023-02-24T18:30+00:00Z,10Y1001A1001A92E,MAW,1089
2023-02-24T18:30+00:00Z,2023-02-24T19:00+00:00Z,10Y1001A1001A92E,MAW,1119
2023-02-24T19:00+00:00Z,2023-02-24T19:30+00:00Z,10Y1001A1001A92E,MAW,1156
2023-02-24T19:30+00:00Z,2023-02-24T20:00+00:00Z,10Y1001A1001A92E,MAW,1131
2023-02-24T20:00+00:00Z,2023-02-24T20:30+00:00Z,10Y1001A1001A92E,MAW,1085
2023-02-24T20:30+00:00Z,2023-02-24T21:00+00:00Z,10Y1001A1001A92E,MAW,1054
2023-02-24T21:00+00:00Z,2023-02-24T21:30+00:00Z,10Y1001A1001A92E,MAW,1024
2023-02-24T21:30+00:00Z,2023-02-24T22:00+00:00Z,10Y1001A1001A92E,MAW,980
2023-02-24T22:00+00:00Z,2023-02-24T22:30+00:00Z,10Y1001A1001A92E,MAW,929
2023-02-24T22:30+00:00Z,2023-02-24T23:00+00:00Z,10Y1001A1001A92E,MAW,871
2023-02-24T23:00+00:00Z,2023-02-24T23:30+00:00Z,10Y1001A1001A92E,MAW,828
2023-02-24T23:30+00:00Z,2023-02-25T00:00+00:00Z,10Y1001A1001A92E,MAW,779
2023-02-25T00:00+00:00Z,2023-02-25T00:30+00:00Z,10Y1001A1001A92E,MAW,741
2023-02-25T00:30+00:00Z,2023-02-25T01:00+00:00Z,10Y1001A1001A92E,MAW,693
2023-02-25T01:00+00:00Z,2023-02-25T01:30+00:00Z,10Y1001A1001A92E,MAW,672
2023-02-25T01:30+00:00Z,2023-02-25T02:00+00:00Z,10Y1001A1001A92E,MAW,646
2023-02-25T02:00+00:00Z,2023-02-25T02:30+00:00Z,10Y1001A1001A92E,MAW,659
2023-02-25T02:30+00:00Z,2023-02-25T03:00+00:00Z,10Y1001A1001A92E,MAW,644
2023-02-25T03:00+00:00Z,2023-02-25T03:30+00:00Z,10Y1001A1001A92E,MAW,636
2023-02-25T03:30+00:00Z,2023-02-25T04:00+00:00Z,10Y1001A1001A92E,MAW,629
2023-02-25T04:00+00:00Z,2023-02-25T04:30+00:00Z,10Y1001A1001A92E,MAW,614
2023-02-25T04:30+00:00Z,2023-02-25T05:00+00:00Z,10Y1001A1001A92E,MAW,617
2023-02-25T05:00+00:00Z,2023-02-25T05:30+00:00Z,10Y1001A1001A92E,MAW,609
2023-02-25T05:30+00:00Z,2023-02-25T06:00+00:00Z,10Y1001A1001A92E,MAW,613
2023-02-25T06:00+00:00Z,2023-02-25T06:30+00:00Z,10Y1001A1001A92E,MAW,622
2023-02-25T06:30+00:00Z,2023-02-25T07:00+00:00Z,10Y1001A1001A92E,MAW,650
2023-02-25T07:00+00:00Z,2023-02-25T07:30+00:00Z,10Y1001A1001A92E,MAW,690
2023-02-25T07:30+00:00Z,2023-02-25T08:00+00:00Z,10Y1001A1001A92E,MAW,736
2023-02-25T08:00+00:00Z,2023-02-25T08:30+00:00Z,10Y1001A1001A92E,MAW,771
2023-02-25T08:30+00:00Z,2023-02-25T09:00+00:00Z,10Y1001A1001A92E,MAW,825
2023-02-25T09:00+00:00Z,2023-02-25T09:30+00:00Z,10Y1001A1001A92E,MAW,873
2023-02-25T09:30+00:00Z,2023-02-25T10:00+00:00Z,10Y1001A1001A92E,MAW,926
2023-02-25T10:00+00:00Z,2023-02-25T10:30+00:00Z,10Y1001A1001A92E,MAW,951
2023-02-25T10:30+00:00Z,2023-02-25T11:00+00:00Z,10Y1001A1001A92E,MAW,955
2023-02-25T11:00+00:00Z,2023-02-25T11:30+00:00Z,10Y1001A1001A92E,MAW,957
2023-02-25T11:30+00:00Z,2023-02-25T12:00+00:00Z,10Y1001A1001A92E,MAW,954
2023-02-25T12:00+00:00Z,2023-02-25T12:30+00:00Z,10Y1001A1001A92E,MAW,955
2023-02-25T12:30+00:00Z,2023-02-25T13:00+00:00Z,10Y1001A1001A92E,MAW,954
2023-02-25T13:00+00:00Z,2023-02-25T13:30+00:00Z,10Y1001A1001A92E,MAW,939
2023-02-25T13:30+00:00Z,2023-02-25T14:00+00:00Z,10Y1001A1001A92E,MAW,933
2023-02-25T14:00+00:00Z,2023-02-25T14:30+00:00Z,10Y1001A1001A92E,MAW,895
2023-02-25T14:30+00:00Z,2023-02-25T15:00+00:00Z,10Y1001A1001A92E,MAW,889
2023-02-25T15:00+00:00Z,2023-02-25T15:30+00:00Z,10Y1001A1001A92E,MAW,879
2023-02-25T15:30+00:00Z,2023-02-25T16:00+00:00Z,10Y1001A1001A92E,MAW,872
2023-02-25T16:00+00:00Z,2023-02-25T16:30+00:00Z,10Y1001A1001A92E,MAW,886
2023-02-25T16:30+00:00Z,2023-02-25T17:00+00:00Z,10Y1001A1001A92E,MAW,906
2023-02-25T17:00+00:00Z,2023-02-25T17:30+00:00Z,10Y1001A1001A92E,MAW,951
2023-02-25T17:30+00:00Z,2023-02-25T18:00+00:00Z,10Y1001A1001A92E,MAW,1003
2023-02-25T18:00+00:00Z,2023-02-25T18:30+00:00Z,10Y1001A1001A92E,MAW,1054
2023-02-25T18:30+00:00Z,2023-02-25T19:00+00:00Z,10Y1001A1001A92E,MAW,1094
2023-02-25T19:00+00:00Z,2023-02-25T19:30+00:00Z,10Y1001A1001A92E,MAW,1108
2023-02-25T19:30+00:00Z,2023-02-25T20:00+00:00Z,10Y1001A1001A92E,MAW,1082
2023-02-25T20:00+00:00Z,2023-02-25T20:30+00:00Z,10Y1001A1001A92E,MAW,1041
2023-02-25T20:30+00:00Z,2023-02-25T21:00+00:00Z,10Y1001A1001A92E,MAW,995
2023-02-25T21:00+00:00Z,2023-02-25T21:30+00:00Z,10Y1001A1001A92E,MAW,951
2023-02-25T21:30+00:00Z,2023-02-25T22:00+00:00Z,10Y1001A1001A92E,MAW,917
2023-02-25T22:00+00:00Z,2023-02-25T22:30+00:00Z,10Y1001A1001A92E,MAW,875
2023-02-25T22:30+00:00Z,2023-02-25T23:00+00:00Z,10Y1001A1001A92E,MAW,838
2023-02-25T23:00+00:00Z,2023-02-25T23:30+00:00Z,10Y1001A1001A92E,MAW,786
2023-02-25T23:30+00:00Z,2023-02-26T00:00+00:00Z,10Y1001A1001A92E,MAW,747
2023-02-26T00:00+00:00Z,2023-02-26T00:30+00:00Z,10Y1001A1001A92E,MAW,710
2023-02-26T00:30+00:00Z,2023-02-26T01:00+00:00Z,10Y1001A1001A92E,MAW,676
2023-02-26T01:00+00:00Z,2023-02-26T01:30+00:00Z,10Y1001A1001A92E,MAW,650
2023-02-26T01:30+00:00Z,2023-02-26T02:00+00:00Z,10Y1001A1001A92E,MAW,633
2023-02-26T02:00+00:00Z,2023-02-26T02:30+00:00Z,10Y1001A1001A92E,MAW,643
2023-02-26T02:30+00:00Z,2023-02-26T03:00+00:00Z,10Y1001A1001A92E,MAW,625
2023-02-26T03:00+00:00Z,2023-02-26T03:30+00:00Z,10Y1001A1001A92E,MAW,611
2023-02-26T03:30+00:00Z,2023-02-26T04:00+00:00Z,10Y1001A1001A92E,MAW,599
2023-02-26T04:00+00:00Z,2023-02-26T04:30+00:00Z,10Y1001A1001A92E,MAW,590
2023-02-26T04:30+00:00Z,2023-02-26T05:00+00:00Z,10Y1001A1001A92E,MAW,584
2023-02-26T05:00+00:00Z,2023-02-26T05:30+00:00Z,10Y1001A1001A92E,MAW,580
2023-02-26T05:30+00:00Z,2023-02-26T06:00+00:00Z,10Y1001A1001A92E,MAW,586
2023-02-26T06:00+00:00Z,2023-02-26T06:30+00:00Z,10Y1001A1001A92E,MAW,585
2023-02-26T06:30+00:00Z,2023-02-26T07:00+00:00Z,10Y1001A1001A92E,MAW,595
2023-02-26T07:00+00:00Z,2023-02-26T07:30+00:00Z,10Y1001A1001A92E,MAW,622
2023-02-26T07:30+00:00Z,2023-02-26T08:00+00:00Z,10Y1001A1001A92E,MAW,649
2023-02-26T08:00+00:00Z,2023-02-26T08:30+00:00Z,10Y1001A1001A92E,MAW,669
2023-02-26T08:30+00:00Z,2023-02-26T09:00+00:00Z,10Y1001A1001A92E,MAW,716
2023-02-26T09:00+00:00Z,2023-02-26T09:30+00:00Z,10Y1001A1001A92E,MAW,748
2023-02-26T09:30+00:00Z,2023-02-26T10:00+00:00Z,10Y1001A1001A92E,MAW,793
2023-02-26T10:00+00:00Z,2023-02-26T10:30+00:00Z,10Y1001A1001A92E,MAW,834
2023-02-26T10:30+00:00Z,2023-02-26T11:00+00:00Z,10Y1001A1001A92E,MAW,850
2023-02-26T11:00+00:00Z,2023-02-26T11:30+00:00Z,10Y1001A1001A92E,MAW,860
2023-02-26T11:30+00:00Z,2023-02-26T12:00+00:00Z,10Y1001A1001A92E,MAW,861
2023-02-26T12:00+00:00Z,2023-02-26T12:30+00:00Z,10Y1001A1001A92E,MAW,872
2023-02-26T12:30+00:00Z,2023-02-26T13:00+00:00Z,10Y1001A1001A92E,MAW,878
2023-02-26T13:00+00:00Z,2023-02-26T13:30+00:00Z,10Y1001A1001A92E,MAW,902
2023-02-26T13:30+00:00Z,2023-02-26T14:00+00:00Z,10Y1001A1001A92E,MAW,916
2023-02-26T14:00+00:00Z,2023-02-26T14:30+00:00Z,10Y1001A1001A92E,MAW,903
2023-02-26T14:30+00:00Z,2023-02-26T15:00+00:00Z,10Y1001A1001A92E,MAW,885
2023-02-26T15:00+00:00Z,2023-02-26T15:30+00:00Z,10Y1001A1001A92E,MAW,868
2023-02-26T15:30+00:00Z,2023-02-26T16:00+00:00Z,10Y1001A1001A92E,MAW,875
2023-02-26T16:00+00:00Z,2023-02-26T16:30+00:00Z,10Y1001A1001A92E,MAW,876
2023-02-26T16:30+00:00Z,2023-02-26T17:00+00:00Z,10Y1001A1001A92E,MAW,912
2023-02-26T17:00+00:00Z,2023-02-26T17:30+00:00Z,10Y1001A1001A92E,MAW,947
2023-02-26T17:30+00:00Z,2023-02-26T18:00+00:00Z,10Y1001A1001A92E,MAW,990
2023-02-26T18:00+00:00Z,2023-02-26T18:30+00:00Z,10Y1001A1001A92E,MAW,1051
2023-02-26T18:30+00:00Z,2023-02-26T19:00+00:00Z,10Y1001A1001A92E,MAW,1076
2023-02-26T19:00+00:00Z,2023-02-26T19:30+00:00Z,10Y1001A1001A92E,MAW,1115
2023-02-26T19:30+00:00Z,2023-02-26T20:00+00:00Z,10Y1001A1001A92E,MAW,1107
2023-02-26T20:00+00:00Z,2023-02-26T20:30+00:00Z,10Y1001A1001A92E,MAW,1072
2023-02-26T20:30+00:00Z,2023-02-26T21:00+00:00Z,10Y1001A1001A92E,MAW,1032
2023-02-26T21:00+00:00Z,2023-02-26T21:30+00:00Z,10Y1001A1001A92E,MAW,990
2023-02-26T21:30+00:00Z,2023-02-26T22:00+00:00Z,10Y1001A1001A92E,MAW,952
2023-02-26T22:00+00:00Z,2023-02-26T22:30+00:00Z,10Y1001A1001A92E,MAW,905
2023-02-26T22:30+00:00Z,2023-02-26T23:00+00:00Z,10Y1001A1001A92E,MAW,859
2023-02-26T23:00+00:00Z,2023-02-26T23:30+00:00Z,10Y1001A1001A92E,MAW,802
2023-02-26T23:30+00:00Z,2023-02-27T00:00+00:00Z,10Y1001A1001A92E,MAW,743
2023-02-27T00:00+00:00Z,2023-02-27T00:30+00:00Z,10Y1001A1001A92E,MAW,704
2023-02-27T00:30+00:00Z,2023-02-27T01:00+00:00Z,10Y1001A1001A92E,MAW,663
2023-02-27T01:00+00:00Z,2023-02-27T01:30+00:00Z,10Y1001A1001A92E,MAW,638
2023-02-27T01:30+00:00Z,2023-02-27T02:00+00:00Z,10Y1001A1001A92E,MAW,618
2023-02-27T02:00+00:00Z,2023-02-27T02:30+00:00Z,10Y1001A1001A92E,MAW,633
2023-02-27T02:30+00:00Z,2023-02-27T03:00+00:00Z,10Y1001A1001A92E,MAW,619
2023-02-27T03:00+00:00Z,2023-02-27T03:30+00:00Z,10Y1001A1001A92E,MAW,611
2023-02-27T03:30+00:00Z,2023-02-27T04:00+00:00Z,10Y1001A1001A92E,MAW,602
2023-02-27T04:00+00:00Z,2023-02-27T04:30+00:00Z,10Y1001A1001A92E,MAW,599
2023-02-27T04:30+00:00Z,2023-02-27T05:00+00:00Z,10Y1001A1001A92E,MAW,597
2023-02-27T05:00+00:00Z,2023-02-27T05:30+00:00Z,10Y1001A1001A92E,MAW,605
2023-02-27T05:30+00:00Z,2023-02-27T06:00+00:00Z,10Y1001A1001A92E,MAW,609
2023-02-27T06:00+00:00Z,2023-02-27T06:30+00:00Z,10Y1001A1001A92E,MAW,634
2023-02-27T06:30+00:00Z,2023-02-27T07:00+00:00Z,10Y1001A1001A92E,MAW,690
2023-02-27T07:00+00:00Z,2023-02-27T07:30+00:00Z,10Y1001A1001A92E,MAW,773
2023-02-27T07:30+00:00Z,2023-02-27T08:00+00:00Z,10Y1001A1001A92E,MAW,888
2023-02-27T08:00+00:00Z,2023-02-27T08:30+00:00Z,10Y1001A1001A92E,MAW,1011
2023-02-27T08:30+00:00Z,2023-02-27T09:00+00:00Z,10Y1001A1001A92E,MAW,1078
2023-02-27T09:00+00:00Z,2023-02-27T09:30+00:00Z,10Y1001A1001A92E,MAW,1119
2023-02-27T09:30+00:00Z,2023-02-27T10:00+00:00Z,10Y1001A1001A92E,MAW,1147
2023-02-27T10:00+00:00Z,2023-02-27T10:30+00:00Z,10Y1001A1001A92E,MAW,1176
2023-02-27T10:30+00:00Z,2023-02-27T11:00+00:00Z,10Y1001A1001A92E,MAW,1183
2023-02-27T11:00+00:00Z,2023-02-27T11:30+00:00Z,10Y1001A1001A92E,MAW,1170
2023-02-27T11:30+00:00Z,2023-02-27T12:00+00:00Z,10Y1001A1001A92E,MAW,1170
2023-02-27T12:00+00:00Z,2023-02-27T12:30+00:00Z,10Y1001A1001A92E,MAW,1155
2023-02-27T12:30+00:00Z,2023-02-27T13:00+00:00Z,10Y1001A1001A92E,MAW,1154
2023-02-27T13:00+00:00Z,2023-02-27T13:30+00:00Z,10Y1001A1001A92E,MAW,1171
2023-02-27T13:30+00:00Z,2023-02-27T14:00+00:00Z,10Y1001A1001A92E,MAW,1167
2023-02-27T14:00+00:00Z,2023-02-27T14:30+00:00Z,10Y1001A1001A92E,MAW,1141
2023-02-27T14:30+00:00Z,2023-02-27T15:00+00:00Z,10Y1001A1001A92E,MAW,1138
2023-02-27T15:00+00:00Z,2023-02-27T15:30+00:00Z,10Y1001A1001A92E,MAW,1136
2023-02-27T15:30+00:00Z,2023-02-27T16:00+00:00Z,10Y1001A1001A92E,MAW,1140
2023-02-27T16:00+00:00Z,2023-02-27T16:30+00:00Z,10Y1001A1001A92E,MAW,1165
2023-02-27T16:30+00:00Z,2023-02-27T17:00+00:00Z,10Y1001A1001A92E,MAW,1173
2023-02-27T17:00+00:00Z,2023-02-27T17:30+00:00Z,10Y1001A1001A92E,MAW,1226
2023-02-27T17:30+00:00Z,2023-02-27T18:00+00:00Z,10Y1001A1001A92E,MAW,1274
2023-02-27T18:00+00:00Z,2023-02-27T18:30+00:00Z,10Y1001A1001A92E,MAW,1290
2023-02-27T18:30+00:00Z,2023-02-27T19:00+00:00Z,10Y1001A1001A92E,MAW,1279
2023-02-27T19:00+00:00Z,2023-02-27T19:30+00:00Z,10Y1001A1001A92E,MAW,1272
2023-02-27T19:30+00:00Z,2023-02-27T20:00+00:00Z,10Y1001A1001A92E,MAW,1237
2023-02-27T20:00+00:00Z,2023-02-27T20:30+00:00Z,10Y1001A1001A92E,MAW,1201
2023-02-27T20:30+00:00Z,2023-02-27T21:00+00:00Z,10Y1001A1001A92E,MAW,1168
2023-02-27T21:00+00:00Z,2023-02-27T21:30+00:00Z,10Y1001A1001A92E,MAW,1126
2023-02-27T21:30+00:00Z,2023-02-27T22:00+00:00Z,10Y1001A1001A92E,MAW,1092
2023-02-27T22:00+00:00Z,2023-02-27T22:30+00:00Z,10Y1001A1001A92E,MAW,1029
2023-02-27T22:30+00:00Z,2023-02-27T23:00+00:00Z,10Y1001A1001A92E,MAW,972
2023-02-27T23:00+00:00Z,2023-02-27T23:30+00:00Z,10Y1001A1001A92E,MAW,894
2023-02-27T23:30+00:00Z,2023-02-28T00:00+00:00Z,10Y1001A1001A92E,MAW,834
2023-02-28T00:00+00:00Z,2023-02-28T00:30+00:00Z,10Y1001A1001A92E,MAW,776
2023-02-28T00:30+00:00Z,2023-02-28T01:00+00:00Z,10Y1001A1001A92E,MAW,731
2023-02-28T01:00+00:00Z,2023-02-28T01:30+00:00Z,10Y1001A1001A92E,MAW,698
2023-02-28T01:30+00:00Z,2023-02-28T02:00+00:00Z,10Y1001A1001A92E,MAW,684
2023-02-28T02:00+00:00Z,2023-02-28T02:30+00:00Z,10Y1001A1001A92E,MAW,708
2023-02-28T02:30+00:00Z,2023-02-28T03:00+00:00Z,10Y1001A1001A92E,MAW,687
2023-02-28T03:00+00:00Z,2023-02-28T03:30+00:00Z,10Y1001A1001A92E,MAW,680
2023-02-28T03:30+00:00Z,2023-02-28T04:00+00:00Z,10Y1001A1001A92E,MAW,672
2023-02-28T04:00+00:00Z,2023-02-28T04:30+00:00Z,10Y1001A1001A92E,MAW,657
2023-02-28T04:30+00:00Z,2023-02-28T05:00+00:00Z,10Y1001A1001A92E,MAW,653
2023-02-28T05:00+00:00Z,2023-02-28T05:30+00:00Z,10Y1001A1001A92E,MAW,659
2023-02-28T05:30+00:00Z,2023-02-28T06:00+00:00Z,10Y1001A1001A92E,MAW,665
2023-02-28T06:00+00:00Z,2023-02-28T06:30+00:00Z,10Y1001A1001A92E,MAW,686
2023-02-28T06:30+00:00Z,2023-02-28T07:00+00:00Z,10Y1001A1001A92E,MAW,737
2023-02-28T07:00+00:00Z,2023-02-28T07:30+00:00Z,10Y1001A1001A92E,MAW,832
2023-02-28T07:30+00:00Z,2023-02-28T08:00+00:00Z,10Y1001A1001A92E,MAW,940
2023-02-28T08:00+00:00Z,2023-02-28T08:30+00:00Z,10Y1001A1001A92E,MAW,1052
2023-02-28T08:30+00:00Z,2023-02-28T09:00+00:00Z,10Y1001A1001A92E,MAW,1125
2023-02-28T09:00+00:00Z,2023-02-28T09:30+00:00Z,10Y1001A1001A92E,MAW,1165
2023-02-28T09:30+00:00Z,2023-02-28T10:00+00:00Z,10Y1001A1001A92E,MAW,1193
2023-02-28T10:00+00:00Z,2023-02-28T10:30+00:00Z,10Y1001A1001A92E,MAW,1218
2023-02-28T10:30+00:00Z,2023-02-28T11:00+00:00Z,10Y1001A1001A92E,MAW,1216
2023-02-28T11:00+00:00Z,2023-02-28T11:30+00:00Z,10Y1001A1001A92E,MAW,1202
2023-02-28T11:30+00:00Z,2023-02-28T12:00+00:00Z,10Y1001A1001A92E,MAW,1199
2023-02-28T12:00+00:00Z,2023-02-28T12:30+00:00Z,10Y1001A1001A92E,MAW,1189
2023-02-28T12:30+00:00Z,2023-02-28T13:00+00:00Z,10Y1001A1001A92E,MAW,1178
2023-02-28T13:00+00:00Z,2023-02-28T13:30+00:00Z,10Y1001A1001A92E,MAW,1194
2023-02-28T13:30+00:00Z,2023-02-28T14:00+00:00Z,10Y1001A1001A92E,MAW,1182
2023-02-28T14:00+00:00Z,2023-02-28T14:30+00:00Z,10Y1001A1001A92E,MAW,1137
2023-02-28T14:30+00:00Z,2023-02-28T15:00+00:00Z,10Y1001A1001A92E,MAW,1125
2023-02-28T15:00+00:00Z,2023-02-28T15:30+00:00Z,10Y1001A1001A92E,MAW,1131
2023-02-28T15:30+00:00Z,2023-02-28T16:00+00:00Z,10Y1001A1001A92E,MAW,1122
2023-02-28T16:00+00:00Z,2023-02-28T16:30+00:00Z,10Y1001A1001A92E,MAW,1143
2023-02-28T16:30+00:00Z,2023-02-28T17:00+00:00Z,10Y1001A1001A92E,MAW,1159
2023-02-28T17:00+00:00Z,2023-02-28T17:30+00:00Z,10Y1001A1001A92E,MAW,1203
2023-02-28T17:30+00:00Z,2023-02-28T18:00+00:00Z,10Y1001A1001A92E,MAW,1261
2023-02-28T18:00+00:00Z,2023-02-28T18:30+00:00Z,10Y1001A1001A92E,MAW,1287
2023-02-28T18:30+00:00Z,2023-02-28T19:00+00:00Z,10Y1001A1001A92E,MAW,1290
2023-02-28T19:00+00:00Z,2023-02-28T19:30+00:00Z,10Y1001A1001A92E,MAW,1288
2023-02-28T19:30+00:00Z,2023-02-28T20:00+00:00Z,10Y1001A1001A92E,MAW,1252
2023-02-28T20:00+00:00Z,2023-02-28T20:30+00:00Z,10Y1001A1001A92E,MAW,1218
2023-02-28T20:30+00:00Z,2023-02-28T21:00+00:00Z,10Y1001A1001A92E,MAW,1178
2023-02-28T21:00+00:00Z,2023-02-28T21:30+00:00Z,10Y1001A1001A92E,MAW,1135
2023-02-28T21:30+00:00Z,2023-02-28T22:00+00:00Z,10Y1001A1001A92E,MAW,1087
2023-02-28T22:00+00:00Z,2023-02-28T22:30+00:00Z,10Y1001A1001A92E,MAW,1027
2023-02-28T22:30+00:00Z,2023-02-28T23:00+00:00Z,10Y1001A1001A92E,MAW,955
2023-02-28T23:00+00:00Z,2023-02-28T23:30+00:00Z,10Y1001A1001A92E,MAW,897
